time,position,velocity
0.010000,0.000200,0.019991
0.020000,0.000595,0.039535
0.030000,0.001181,0.058604
0.040000,0.001953,0.077170
0.050000,0.002905,0.095207
0.060000,0.004032,0.112689
0.070000,0.005328,0.129593
0.080000,0.006787,0.145895
0.090000,0.008403,0.161574
0.100000,0.010169,0.176609
0.110000,0.012078,0.190980
0.120000,0.014125,0.204671
0.130000,0.016302,0.217663
0.140000,0.018601,0.229941
0.150000,0.021016,0.241491
0.160000,0.023539,0.252300
0.170000,0.026163,0.262355
0.180000,0.028879,0.271646
0.190000,0.031681,0.280163
0.200000,0.034560,0.287898
0.210000,0.037508,0.294845
0.220000,0.040518,0.300997
0.230000,0.043582,0.306350
0.240000,0.046691,0.310901
0.250000,0.049837,0.314648
0.260000,0.053013,0.317589
0.270000,0.056210,0.319726
0.280000,0.059421,0.321060
0.290000,0.062637,0.321593
0.300000,0.065850,0.321330
0.310000,0.069053,0.320275
0.320000,0.072237,0.318435
0.330000,0.075395,0.315816
0.340000,0.078520,0.312427
0.350000,0.081602,0.308278
0.360000,0.084636,0.303379
0.370000,0.087614,0.297741
0.380000,0.090527,0.291377
0.390000,0.093370,0.284300
0.400000,0.096136,0.276524
0.410000,0.098816,0.268064
0.420000,0.101406,0.258938
0.430000,0.103897,0.249161
0.440000,0.106285,0.238751
0.450000,0.108562,0.227728
0.460000,0.110723,0.216110
0.470000,0.112762,0.203918
0.480000,0.114674,0.191172
0.490000,0.116453,0.177893
0.500000,0.118094,0.164105
0.510000,0.119592,0.149829
0.520000,0.120943,0.135089
0.530000,0.122142,0.119909
0.540000,0.123185,0.104313
0.550000,0.124069,0.088326
0.560000,0.124788,0.071973
0.570000,0.125341,0.055279
0.580000,0.125724,0.038272
0.590000,0.125934,0.020976
0.600000,0.125968,0.003419
0.610000,0.125824,-0.014372
0.620000,0.125500,-0.032371
0.630000,0.124995,-0.050550
0.640000,0.124306,-0.068881
0.650000,0.123433,-0.087338
0.660000,0.122374,-0.105892
0.670000,0.121129,-0.124516
0.680000,0.119697,-0.143182
0.690000,0.118078,-0.161863
0.700000,0.116273,-0.180530
0.710000,0.114281,-0.199157
0.720000,0.112104,-0.217716
0.730000,0.109742,-0.236180
0.740000,0.107197,-0.254522
0.750000,0.104470,-0.272714
0.760000,0.101563,-0.290732
0.770000,0.098477,-0.308547
0.780000,0.095216,-0.326135
0.790000,0.091781,-0.343470
0.800000,0.088176,-0.360527
0.810000,0.084403,-0.377280
0.820000,0.080466,-0.393706
0.830000,0.076368,-0.409781
0.840000,0.072113,-0.425482
0.850000,0.067706,-0.440784
0.860000,0.063149,-0.455667
0.870000,0.058448,-0.470109
0.880000,0.053607,-0.484088
0.890000,0.048631,-0.497584
0.900000,0.043525,-0.510577
0.910000,0.038295,-0.523047
0.920000,0.032945,-0.534977
0.930000,0.027482,-0.546349
0.940000,0.021910,-0.557145
0.950000,0.016237,-0.567348
0.960000,0.010467,-0.576945
0.970000,0.004608,-0.585919
0.980000,-0.001335,-0.594256
0.990000,-0.007354,-0.601944
1.000000,-0.013444,-0.608969
1.010000,-0.019597,-0.615321
1.020000,-0.025807,-0.620989
1.030000,-0.032066,-0.625961
1.040000,-0.038369,-0.630231
1.050000,-0.044707,-0.633789
1.060000,-0.051073,-0.636628
1.070000,-0.057460,-0.638741
1.080000,-0.063861,-0.640123
1.090000,-0.070269,-0.640770
1.100000,-0.076676,-0.640677
1.110000,-0.083074,-0.639842
1.120000,-0.089457,-0.638263
1.130000,-0.095816,-0.635938
1.140000,-0.102145,-0.632868
1.150000,-0.108436,-0.629052
1.160000,-0.114681,-0.624493
1.170000,-0.120872,-0.619193
1.180000,-0.127004,-0.613156
1.190000,-0.133068,-0.606385
1.200000,-0.139057,-0.598885
1.210000,-0.144963,-0.590664
1.220000,-0.150781,-0.581726
1.230000,-0.156501,-0.572081
1.240000,-0.162119,-0.561736
1.250000,-0.167626,-0.550700
1.260000,-0.173016,-0.538985
1.270000,-0.178282,-0.526600
1.280000,-0.183417,-0.513557
1.290000,-0.188416,-0.499869
1.300000,-0.193271,-0.485548
1.310000,-0.197977,-0.470610
1.320000,-0.202528,-0.455068
1.330000,-0.206918,-0.438937
1.340000,-0.211140,-0.422234
1.350000,-0.215190,-0.404975
1.360000,-0.219061,-0.387178
1.370000,-0.222750,-0.368861
1.380000,-0.226250,-0.350042
1.390000,-0.229558,-0.330739
1.400000,-0.232668,-0.310974
1.410000,-0.235575,-0.290766
1.420000,-0.238277,-0.270135
1.430000,-0.240768,-0.249104
1.440000,-0.243045,-0.227693
1.450000,-0.245104,-0.205925
1.460000,-0.246942,-0.183822
1.470000,-0.248556,-0.161407
1.480000,-0.249943,-0.138704
1.490000,-0.251100,-0.115736
1.500000,-0.252026,-0.092527
1.510000,-0.252717,-0.069102
1.520000,-0.253172,-0.045484
1.530000,-0.253389,-0.021699
1.540000,-0.253366,0.002229
1.550000,-0.253104,0.026274
1.560000,-0.252599,0.050411
1.570000,-0.251853,0.074615
1.580000,-0.250865,0.098860
1.590000,-0.249633,0.123121
1.600000,-0.248160,0.147372
1.610000,-0.246444,0.171587
1.620000,-0.244486,0.195741
1.630000,-0.242288,0.219809
1.640000,-0.239851,0.243764
1.650000,-0.237175,0.267581
1.660000,-0.234263,0.291236
1.670000,-0.231116,0.314702
1.680000,-0.227736,0.337955
1.690000,-0.224126,0.360970
1.700000,-0.220289,0.383723
1.710000,-0.216227,0.406189
1.720000,-0.211944,0.428344
1.730000,-0.207442,0.450165
1.740000,-0.202726,0.471628
1.750000,-0.197799,0.492710
1.760000,-0.192665,0.513388
1.770000,-0.187328,0.533640
1.780000,-0.181794,0.553444
1.790000,-0.176066,0.572779
1.800000,-0.170150,0.591624
1.810000,-0.164050,0.609958
1.820000,-0.157773,0.627762
1.830000,-0.151323,0.645016
1.840000,-0.144706,0.661700
1.850000,-0.137928,0.677798
1.860000,-0.130995,0.693290
1.870000,-0.123913,0.708161
1.880000,-0.116689,0.722393
1.890000,-0.109329,0.735970
1.900000,-0.101841,0.748878
1.910000,-0.094230,0.761101
1.920000,-0.086503,0.772627
1.930000,-0.078669,0.783441
1.940000,-0.070734,0.793532
1.950000,-0.062705,0.802888
1.960000,-0.054590,0.811497
1.970000,-0.046396,0.819349
1.980000,-0.038132,0.826435
1.990000,-0.029805,0.832747
2.000000,-0.021422,0.838276
2.010000,-0.012992,0.843015
2.020000,-0.004522,0.846958
2.030000,0.003979,0.850099
2.040000,0.012503,0.852433
2.050000,0.021043,0.853957
2.060000,0.029590,0.854667
2.070000,0.038135,0.854562
2.080000,0.046672,0.853638
2.090000,0.055191,0.851896
2.100000,0.063684,0.849337
2.110000,0.072143,0.845960
2.120000,0.080561,0.841767
2.130000,0.088929,0.836762
2.140000,0.097238,0.830947
2.150000,0.105481,0.824326
2.160000,0.113651,0.816906
2.170000,0.121737,0.808690
2.180000,0.129734,0.799687
2.190000,0.137633,0.789902
2.200000,0.145427,0.779346
2.210000,0.153107,0.768025
2.220000,0.160667,0.755951
2.230000,0.168098,0.743133
2.240000,0.175394,0.729583
2.250000,0.182547,0.715312
2.260000,0.189550,0.700333
2.270000,0.196397,0.684660
2.280000,0.203080,0.668306
2.290000,0.209593,0.651286
2.300000,0.215929,0.633615
2.310000,0.222082,0.615310
2.320000,0.228046,0.596387
2.330000,0.233814,0.576863
2.340000,0.239382,0.556757
2.350000,0.244743,0.536086
2.360000,0.249892,0.514870
2.370000,0.254823,0.493128
2.380000,0.259532,0.470880
2.390000,0.264013,0.448147
2.400000,0.268263,0.424950
2.410000,0.272276,0.401310
2.420000,0.276048,0.377249
2.430000,0.279576,0.352791
2.440000,0.282856,0.327957
2.450000,0.285883,0.302770
2.460000,0.288656,0.277255
2.470000,0.291170,0.251435
2.480000,0.293424,0.225335
2.490000,0.295413,0.198978
2.500000,0.297137,0.172390
2.510000,0.298593,0.145595
2.520000,0.299779,0.118619
2.530000,0.300694,0.091487
2.540000,0.301337,0.064225
2.550000,0.301705,0.036858
2.560000,0.301799,0.009413
2.570000,0.301618,-0.018086
2.580000,0.301162,-0.045611
2.590000,0.300431,-0.073137
2.600000,0.299425,-0.100639
2.610000,0.298144,-0.128089
2.620000,0.296589,-0.155462
2.630000,0.294762,-0.182732
2.640000,0.292663,-0.209873
2.650000,0.290294,-0.236859
2.660000,0.287658,-0.263665
2.670000,0.284755,-0.290265
2.680000,0.281589,-0.316634
2.690000,0.278161,-0.342747
2.700000,0.274475,-0.368579
2.710000,0.270534,-0.394106
2.720000,0.266341,-0.419302
2.730000,0.261900,-0.444145
2.740000,0.257214,-0.468610
2.750000,0.252287,-0.492674
2.760000,0.247124,-0.516315
2.770000,0.241729,-0.539508
2.780000,0.236107,-0.562233
2.790000,0.230262,-0.584467
2.800000,0.224200,-0.606190
2.810000,0.217926,-0.627380
2.820000,0.211446,-0.648017
2.830000,0.204765,-0.668081
2.840000,0.197890,-0.687553
2.850000,0.190826,-0.706415
2.860000,0.183579,-0.724647
2.870000,0.176157,-0.742232
2.880000,0.168565,-0.759154
2.890000,0.160811,-0.775396
2.900000,0.152902,-0.790942
2.910000,0.144844,-0.805778
2.920000,0.136645,-0.819888
2.930000,0.128313,-0.833258
2.940000,0.119854,-0.845877
2.950000,0.111276,-0.857731
2.960000,0.102588,-0.868809
2.970000,0.093797,-0.879100
2.980000,0.084911,-0.888593
2.990000,0.075939,-0.897279
3.000000,0.066887,-0.905150
3.010000,0.057765,-0.912198
3.020000,0.048581,-0.918414
3.030000,0.039343,-0.923794
3.040000,0.030060,-0.928331
3.050000,0.020740,-0.932020
3.060000,0.011391,-0.934857
3.070000,0.002023,-0.936839
3.080000,-0.007357,-0.937964
3.090000,-0.016739,-0.938230
3.100000,-0.026116,-0.937636
3.110000,-0.035477,-0.936182
3.120000,-0.044816,-0.933869
3.130000,-0.054123,-0.930698
3.140000,-0.063390,-0.926671
3.150000,-0.072608,-0.921793
3.160000,-0.081768,-0.916065
3.170000,-0.090863,-0.909495
3.180000,-0.099884,-0.902086
3.190000,-0.108823,-0.893845
3.200000,-0.117671,-0.884780
3.210000,-0.126419,-0.874897
3.220000,-0.135062,-0.864207
3.230000,-0.143589,-0.852717
3.240000,-0.151993,-0.840439
3.250000,-0.160267,-0.827382
3.260000,-0.168403,-0.813559
3.270000,-0.176392,-0.798982
3.280000,-0.184229,-0.783664
3.290000,-0.191905,-0.767618
3.300000,-0.199414,-0.750859
3.310000,-0.206748,-0.733402
3.320000,-0.213900,-0.715262
3.330000,-0.220865,-0.696456
3.340000,-0.227635,-0.677001
3.350000,-0.234204,-0.656914
3.360000,-0.240566,-0.636214
3.370000,-0.246715,-0.614918
3.380000,-0.252646,-0.593047
3.390000,-0.258352,-0.570621
3.400000,-0.263829,-0.547658
3.410000,-0.269070,-0.524181
3.420000,-0.274073,-0.500211
3.430000,-0.278830,-0.475769
3.440000,-0.283339,-0.450877
3.450000,-0.287595,-0.425559
3.460000,-0.291593,-0.399837
3.470000,-0.295330,-0.373734
3.480000,-0.298803,-0.347275
3.490000,-0.302008,-0.320484
3.500000,-0.304942,-0.293384
3.510000,-0.307602,-0.266001
3.520000,-0.309985,-0.238359
3.530000,-0.312090,-0.210484
3.540000,-0.313914,-0.182402
3.550000,-0.315456,-0.154137
3.560000,-0.316713,-0.125716
3.570000,-0.317684,-0.097165
3.580000,-0.318370,-0.068509
3.590000,-0.318767,-0.039775
3.600000,-0.318877,-0.010990
3.610000,-0.318699,0.017822
3.620000,-0.318233,0.046632
3.630000,-0.317478,0.075415
3.640000,-0.316437,0.104144
3.650000,-0.315109,0.132794
3.660000,-0.313496,0.161338
3.670000,-0.311598,0.189749
3.680000,-0.309418,0.218002
3.690000,-0.306958,0.246071
3.700000,-0.304218,0.273930
3.710000,-0.301203,0.301554
3.720000,-0.297914,0.328917
3.730000,-0.294354,0.355994
3.740000,-0.290526,0.382760
3.750000,-0.286434,0.409191
3.760000,-0.282081,0.435263
3.770000,-0.277472,0.460951
3.780000,-0.272610,0.486233
3.790000,-0.267499,0.511084
3.800000,-0.262144,0.535482
3.810000,-0.256550,0.559404
3.820000,-0.250722,0.582829
3.830000,-0.244664,0.605735
3.840000,-0.238383,0.628101
3.850000,-0.231884,0.649907
3.860000,-0.225173,0.671132
3.870000,-0.218255,0.691756
3.880000,-0.211138,0.711761
3.890000,-0.203826,0.731129
3.900000,-0.196328,0.749841
3.910000,-0.188649,0.767880
3.920000,-0.180797,0.785230
3.930000,-0.172778,0.801874
3.940000,-0.164600,0.817797
3.950000,-0.156270,0.832985
3.960000,-0.147796,0.847424
3.970000,-0.139185,0.861099
3.980000,-0.130445,0.873999
3.990000,-0.121584,0.886111
4.000000,-0.112610,0.897424
4.010000,-0.103530,0.907928
4.020000,-0.094354,0.917613
4.030000,-0.085090,0.926469
4.040000,-0.075745,0.934489
4.050000,-0.066328,0.941665
4.060000,-0.056848,0.947990
4.070000,-0.047314,0.953459
4.080000,-0.037733,0.958065
4.090000,-0.028115,0.961805
4.100000,-0.018468,0.964675
4.110000,-0.008801,0.966672
4.120000,0.000877,0.967795
4.130000,0.010557,0.968041
4.140000,0.020231,0.967411
4.150000,0.029890,0.965904
4.160000,0.039525,0.963522
4.170000,0.049128,0.960268
4.180000,0.058689,0.956143
4.190000,0.068201,0.951151
4.200000,0.077654,0.945296
4.210000,0.087040,0.938584
4.220000,0.096350,0.931021
4.230000,0.105576,0.922613
4.240000,0.114710,0.913368
4.250000,0.123743,0.903293
4.260000,0.132667,0.892398
4.270000,0.141474,0.880693
4.280000,0.150155,0.868188
4.290000,0.158704,0.854894
4.300000,0.167113,0.840823
4.310000,0.175372,0.825987
4.320000,0.183476,0.810401
4.330000,0.191417,0.794077
4.340000,0.199188,0.777031
4.350000,0.206780,0.759278
4.360000,0.214189,0.740834
4.370000,0.221406,0.721715
4.380000,0.228425,0.701939
4.390000,0.235240,0.681523
4.400000,0.241845,0.660486
4.410000,0.248234,0.638847
4.420000,0.254400,0.616625
4.430000,0.260338,0.593841
4.440000,0.266044,0.570515
4.450000,0.271510,0.546667
4.460000,0.276733,0.522320
4.470000,0.281708,0.497495
4.480000,0.286431,0.472216
4.490000,0.290896,0.446503
4.500000,0.295099,0.420382
4.510000,0.299038,0.393876
4.520000,0.302708,0.367007
4.530000,0.306106,0.339802
4.540000,0.309229,0.312283
4.550000,0.312074,0.284477
4.560000,0.314638,0.256409
4.570000,0.316919,0.228102
4.580000,0.318915,0.199585
4.590000,0.320624,0.170881
4.600000,0.322044,0.142017
4.610000,0.323174,0.113020
4.620000,0.324013,0.083915
4.630000,0.324560,0.054728
4.640000,0.324815,0.025487
4.650000,0.324777,-0.003783
4.660000,0.324447,-0.033055
4.670000,0.323824,-0.062302
4.680000,0.322909,-0.091498
4.690000,0.321703,-0.120616
4.700000,0.320206,-0.149631
4.710000,0.318421,-0.178516
4.720000,0.316349,-0.207244
4.730000,0.313991,-0.235791
4.740000,0.311350,-0.264129
4.750000,0.308427,-0.292233
4.760000,0.305227,-0.320078
4.770000,0.301750,-0.347638
4.780000,0.298001,-0.374890
4.790000,0.293983,-0.401807
4.800000,0.289700,-0.428365
4.810000,0.285154,-0.454541
4.820000,0.280351,-0.480311
4.830000,0.275295,-0.505651
4.840000,0.269989,-0.530538
4.850000,0.264440,-0.554951
4.860000,0.258651,-0.578866
4.870000,0.252628,-0.602262
4.880000,0.246377,-0.625117
4.890000,0.239903,-0.647412
4.900000,0.233212,-0.669126
4.910000,0.226309,-0.690239
4.920000,0.219202,-0.710732
4.930000,0.211896,-0.730586
4.940000,0.204398,-0.749784
4.950000,0.196715,-0.768308
4.960000,0.188854,-0.786141
4.970000,0.180821,-0.803267
4.980000,0.172625,-0.819670
4.990000,0.164271,-0.835336
5.000000,0.155769,-0.850250
5.010000,0.147125,-0.864399
5.020000,0.138347,-0.877770
5.030000,0.129444,-0.890350
5.040000,0.120422,-0.902129
5.050000,0.111291,-0.913095
5.060000,0.102059,-0.923239
5.070000,0.092733,-0.932551
5.080000,0.083323,-0.941024
5.090000,0.073837,-0.948648
5.100000,0.064282,-0.955417
5.110000,0.054669,-0.961325
5.120000,0.045006,-0.966367
5.130000,0.035300,-0.970538
5.140000,0.025562,-0.973834
5.150000,0.015799,-0.976251
5.160000,0.006021,-0.977789
5.170000,-0.003763,-0.978445
5.180000,-0.013545,-0.978218
5.190000,-0.023316,-0.977109
5.200000,-0.033067,-0.975119
5.210000,-0.042790,-0.972249
5.220000,-0.052475,-0.968502
5.230000,-0.062114,-0.963881
5.240000,-0.071698,-0.958391
5.250000,-0.081218,-0.952035
5.260000,-0.090666,-0.944821
5.270000,-0.100034,-0.936754
5.280000,-0.109312,-0.927841
5.290000,-0.118493,-0.918091
5.300000,-0.127568,-0.907513
5.310000,-0.136529,-0.896115
5.320000,-0.145368,-0.883907
5.330000,-0.154077,-0.870902
5.340000,-0.162649,-0.857111
5.350000,-0.171074,-0.842545
5.360000,-0.179346,-0.827219
5.370000,-0.187458,-0.811145
5.380000,-0.195401,-0.794339
5.390000,-0.203169,-0.776815
5.400000,-0.210755,-0.758589
5.410000,-0.218152,-0.739678
5.420000,-0.225353,-0.720098
5.430000,-0.232352,-0.699868
5.440000,-0.239142,-0.679005
5.450000,-0.245717,-0.657528
5.460000,-0.252071,-0.635457
5.470000,-0.258200,-0.612811
5.480000,-0.264096,-0.589611
5.490000,-0.269754,-0.565878
5.500000,-0.275171,-0.541633
5.510000,-0.280340,-0.516898
5.520000,-0.285257,-0.491695
5.530000,-0.289917,-0.466047
5.540000,-0.294317,-0.439977
5.550000,-0.298452,-0.413509
5.560000,-0.302319,-0.386666
5.570000,-0.305913,-0.359472
5.580000,-0.309233,-0.331953
5.590000,-0.312274,-0.304133
5.600000,-0.315035,-0.276036
5.610000,-0.317512,-0.247689
5.620000,-0.319703,-0.219116
5.630000,-0.321606,-0.190345
5.640000,-0.323220,-0.161399
5.650000,-0.324543,-0.132307
5.660000,-0.325574,-0.103093
5.670000,-0.326312,-0.073784
5.680000,-0.326756,-0.044408
5.690000,-0.326906,-0.014989
5.700000,-0.326761,0.014445
5.710000,-0.326323,0.043868
5.720000,-0.325590,0.073254
5.730000,-0.324564,0.102575
5.740000,-0.323246,0.131805
5.750000,-0.321637,0.160919
5.760000,-0.319738,0.189889
5.770000,-0.317551,0.218690
5.780000,-0.315079,0.247295
5.790000,-0.312322,0.275679
5.800000,-0.309284,0.303817
5.810000,-0.305967,0.331682
5.820000,-0.302374,0.359250
5.830000,-0.298509,0.386496
5.840000,-0.294375,0.413395
5.850000,-0.289976,0.439923
5.860000,-0.285316,0.466057
5.870000,-0.280398,0.491771
5.880000,-0.275227,0.517044
5.890000,-0.269809,0.541853
5.900000,-0.264147,0.566175
5.910000,-0.258247,0.589987
5.920000,-0.252115,0.613270
5.930000,-0.245755,0.636001
5.940000,-0.239173,0.658161
5.950000,-0.232376,0.679728
5.960000,-0.225369,0.700685
5.970000,-0.218159,0.721011
5.980000,-0.210752,0.740688
5.990000,-0.203155,0.759700
6.000000,-0.195375,0.778027
6.010000,-0.187418,0.795655
6.020000,-0.179292,0.812567
6.030000,-0.171005,0.828748
6.040000,-0.162563,0.844183
6.050000,-0.153974,0.858858
6.060000,-0.145247,0.872760
6.070000,-0.136388,0.885877
6.080000,-0.127406,0.898196
6.090000,-0.118309,0.909707
6.100000,-0.109105,0.920399
6.110000,-0.099802,0.930262
6.120000,-0.090410,0.939288
6.130000,-0.080935,0.947468
6.140000,-0.071387,0.954795
6.150000,-0.061774,0.961263
6.160000,-0.052106,0.966865
6.170000,-0.042390,0.971596
6.180000,-0.032635,0.975452
6.190000,-0.022851,0.978430
6.200000,-0.013046,0.980527
6.210000,-0.003228,0.981741
6.220000,0.006593,0.982071
6.230000,0.016408,0.981516
6.240000,0.026209,0.980078
6.250000,0.035986,0.977756
6.260000,0.045732,0.974554
6.270000,0.055436,0.970474
6.280000,0.065092,0.965520
6.290000,0.074689,0.959696
6.300000,0.084219,0.953008
6.310000,0.093673,0.945462
6.320000,0.103044,0.937063
6.330000,0.112322,0.927821
6.340000,0.121499,0.917742
6.350000,0.130568,0.906837
6.360000,0.139519,0.895115
6.370000,0.148345,0.882586
6.380000,0.157037,0.869262
6.390000,0.165589,0.855155
6.400000,0.173992,0.840277
6.410000,0.182238,0.824643
6.420000,0.190321,0.808265
6.430000,0.198232,0.791159
6.440000,0.205966,0.773340
6.450000,0.213514,0.754824
6.460000,0.220870,0.735627
6.470000,0.228028,0.715768
6.480000,0.234981,0.695264
6.490000,0.241722,0.674133
6.500000,0.248246,0.652394
6.510000,0.254547,0.630068
6.520000,0.260618,0.607173
6.530000,0.266456,0.583731
6.540000,0.272053,0.559763
6.550000,0.277406,0.535290
6.560000,0.282510,0.510335
6.570000,0.287359,0.484919
6.580000,0.291949,0.459066
6.590000,0.296277,0.432799
6.600000,0.300339,0.406142
6.610000,0.304130,0.379118
6.620000,0.307648,0.351753
6.630000,0.310888,0.324070
6.640000,0.313849,0.296094
6.650000,0.316528,0.267851
6.660000,0.318921,0.239367
6.670000,0.321028,0.210666
6.680000,0.322846,0.181775
6.690000,0.324373,0.152719
6.700000,0.325608,0.123526
6.710000,0.326550,0.094220
6.720000,0.327199,0.064829
6.730000,0.327553,0.035379
6.740000,0.327611,0.005896
6.750000,0.327376,-0.023592
6.760000,0.326845,-0.053060
6.770000,0.326020,-0.082481
6.780000,0.324902,-0.111828
6.790000,0.323491,-0.141075
6.800000,0.321789,-0.170195
6.810000,0.319798,-0.199163
6.820000,0.317518,-0.227953
6.830000,0.314953,-0.256537
6.840000,0.312104,-0.284891
6.850000,0.308974,-0.312990
6.860000,0.305566,-0.340807
6.870000,0.301883,-0.368317
6.880000,0.297928,-0.395497
6.890000,0.293704,-0.422321
6.900000,0.289217,-0.448765
6.910000,0.284469,-0.474806
6.920000,0.279464,-0.500420
6.930000,0.274209,-0.525584
6.940000,0.268706,-0.550275
6.950000,0.262961,-0.574471
6.960000,0.256980,-0.598150
6.970000,0.250767,-0.621292
6.980000,0.244328,-0.643874
6.990000,0.237669,-0.665877
7.000000,0.230796,-0.687281
7.010000,0.223716,-0.708067
7.020000,0.216434,-0.728215
7.030000,0.208957,-0.747708
7.040000,0.201291,-0.766529
7.050000,0.193445,-0.784659
7.060000,0.185424,-0.802084
7.070000,0.177236,-0.818787
7.080000,0.168888,-0.834753
7.090000,0.160389,-0.849968
7.100000,0.151745,-0.864417
7.110000,0.142964,-0.878089
7.120000,0.134054,-0.890971
7.130000,0.125023,-0.903051
7.140000,0.115880,-0.914318
7.150000,0.106633,-0.924762
7.160000,0.097289,-0.934373
7.170000,0.087858,-0.943144
7.180000,0.078347,-0.951066
7.190000,0.068766,-0.958132
7.200000,0.059122,-0.964335
7.210000,0.049425,-0.969670
7.220000,0.039684,-0.974133
7.230000,0.029907,-0.977718
7.240000,0.020103,-0.980424
7.250000,0.010280,-0.982247
7.260000,0.000448,-0.983186
7.270000,-0.009384,-0.983240
7.280000,-0.019208,-0.982409
7.290000,-0.029015,-0.980693
7.300000,-0.038796,-0.978095
7.310000,-0.048542,-0.974616
7.320000,-0.058245,-0.970260
7.330000,-0.067895,-0.965030
7.340000,-0.077484,-0.958932
7.350000,-0.087004,-0.951970
7.360000,-0.096446,-0.944151
7.370000,-0.105800,-0.935483
7.380000,-0.115060,-0.925972
7.390000,-0.124216,-0.915627
7.400000,-0.133261,-0.904458
7.410000,-0.142186,-0.892475
7.420000,-0.150983,-0.879689
7.430000,-0.159644,-0.866110
7.440000,-0.168161,-0.851752
7.450000,-0.176527,-0.836627
7.460000,-0.184735,-0.820748
7.470000,-0.192776,-0.804131
7.480000,-0.200644,-0.786790
7.490000,-0.208332,-0.768740
7.500000,-0.215832,-0.749998
7.510000,-0.223137,-0.730581
7.520000,-0.230242,-0.710506
7.530000,-0.237140,-0.689791
7.540000,-0.243825,-0.668456
7.550000,-0.250290,-0.646518
7.560000,-0.256530,-0.623998
7.570000,-0.262539,-0.600916
7.580000,-0.268312,-0.577294
7.590000,-0.273844,-0.553151
7.600000,-0.279129,-0.528510
7.610000,-0.284163,-0.503393
7.620000,-0.288941,-0.477823
7.630000,-0.293459,-0.451823
7.640000,-0.297713,-0.425416
7.650000,-0.301700,-0.398625
7.660000,-0.305414,-0.371476
7.670000,-0.308854,-0.343992
7.680000,-0.312016,-0.316198
7.690000,-0.314897,-0.288119
7.700000,-0.317495,-0.259781
7.710000,-0.319807,-0.231208
7.720000,-0.321832,-0.202428
7.730000,-0.323566,-0.173464
7.740000,-0.325010,-0.144345
7.750000,-0.326161,-0.115095
7.760000,-0.327018,-0.085742
7.770000,-0.327581,-0.056311
7.780000,-0.327849,-0.026829
7.790000,-0.327823,0.002677
7.800000,-0.327501,0.032181
7.810000,-0.326884,0.061656
7.820000,-0.325974,0.091076
7.830000,-0.324769,0.120414
7.840000,-0.323273,0.149644
7.850000,-0.321486,0.178740
7.860000,-0.319409,0.207675
7.870000,-0.317045,0.236423
7.880000,-0.314395,0.264958
7.890000,-0.311462,0.293256
7.900000,-0.308250,0.321289
7.910000,-0.304759,0.349033
7.920000,-0.300995,0.376464
7.930000,-0.296959,0.403556
7.940000,-0.292656,0.430285
7.950000,-0.288090,0.456626
7.960000,-0.283264,0.482557
7.970000,-0.278184,0.508054
7.980000,-0.272853,0.533093
7.990000,-0.267276,0.557653
8.000000,-0.261459,0.581712
8.010000,-0.255407,0.605246
8.020000,-0.249124,0.628236
8.030000,-0.242618,0.650661
8.040000,-0.235893,0.672500
8.050000,-0.228955,0.693735
8.060000,-0.221812,0.714344
8.070000,-0.214469,0.734312
8.080000,-0.206933,0.753618
8.090000,-0.199210,0.772246
8.100000,-0.191308,0.790179
8.110000,-0.183234,0.807401
8.120000,-0.174995,0.823896
8.130000,-0.166599,0.839650
8.140000,-0.158052,0.854649
8.150000,-0.149364,0.868878
8.160000,-0.140540,0.882325
8.170000,-0.131591,0.894978
8.180000,-0.122522,0.906826
8.190000,-0.113344,0.917858
8.200000,-0.104063,0.928063
8.210000,-0.094689,0.937434
8.220000,-0.085229,0.945960
8.230000,-0.075693,0.953636
8.240000,-0.066088,0.960453
8.250000,-0.056424,0.966405
8.260000,-0.046709,0.971488
8.270000,-0.036952,0.975697
8.280000,-0.027162,0.979027
8.290000,-0.017347,0.981477
8.300000,-0.007517,0.983043
8.310000,0.002320,0.983724
8.320000,0.012155,0.983520
8.330000,0.021980,0.982430
8.340000,0.031784,0.980457
8.350000,0.041560,0.977601
8.360000,0.051299,0.973865
8.370000,0.060991,0.969253
8.380000,0.070629,0.963768
8.390000,0.080203,0.957416
8.400000,0.089705,0.950202
8.410000,0.099127,0.942133
8.420000,0.108459,0.933216
8.430000,0.117693,0.923459
8.440000,0.126822,0.912871
8.450000,0.135837,0.901461
8.460000,0.144729,0.889240
8.470000,0.153491,0.876218
8.480000,0.162115,0.862408
8.490000,0.170594,0.847822
8.500000,0.178918,0.832472
8.510000,0.187082,0.816373
8.520000,0.195077,0.799540
8.530000,0.202897,0.781986
8.540000,0.210535,0.763729
8.550000,0.217982,0.744785
8.560000,0.225234,0.725170
8.570000,0.232283,0.704902
8.580000,0.239123,0.684000
8.590000,0.245748,0.662483
8.600000,0.252152,0.640369
8.610000,0.258328,0.617678
8.620000,0.264273,0.594432
8.630000,0.269979,0.570650
8.640000,0.275443,0.546355
8.650000,0.280659,0.521568
8.660000,0.285622,0.496312
8.670000,0.290328,0.470609
8.680000,0.294773,0.444482
8.690000,0.298952,0.417955
8.700000,0.302863,0.391052
8.710000,0.306501,0.363797
8.720000,0.309863,0.336214
8.730000,0.312946,0.308329
8.740000,0.315748,0.280166
8.750000,0.318265,0.251751
8.760000,0.320496,0.223109
8.770000,0.322439,0.194266
8.780000,0.324091,0.165249
8.790000,0.325452,0.136082
8.800000,0.326520,0.106793
8.810000,0.327294,0.077408
8.820000,0.327774,0.047953
8.830000,0.327958,0.018455
8.840000,0.327848,-0.011059
8.850000,0.327442,-0.040564
8.860000,0.326742,-0.070033
8.870000,0.325747,-0.099438
8.880000,0.324460,-0.128754
8.890000,0.322880,-0.157955
8.900000,0.321010,-0.187013
8.910000,0.318851,-0.215903
8.920000,0.316405,-0.244598
8.930000,0.313674,-0.273074
8.940000,0.310661,-0.301304
8.950000,0.307369,-0.329263
8.960000,0.303800,-0.356925
8.970000,0.299957,-0.384267
8.980000,0.295844,-0.411263
8.990000,0.291465,-0.437888
9.000000,0.286824,-0.464120
9.010000,0.281925,-0.489934
9.020000,0.276772,-0.515307
9.030000,0.271370,-0.540216
9.040000,0.265723,-0.564639
9.050000,0.259838,-0.588554
9.060000,0.253718,-0.611940
9.070000,0.247371,-0.634774
9.080000,0.240800,-0.657038
9.090000,0.234013,-0.678710
9.100000,0.227015,-0.699772
9.110000,0.219813,-0.720203
9.120000,0.212413,-0.739987
9.130000,0.204822,-0.759105
9.140000,0.197047,-0.777539
9.150000,0.189094,-0.795274
9.160000,0.180971,-0.812293
9.170000,0.172685,-0.828581
9.180000,0.164244,-0.844124
9.190000,0.155655,-0.858907
9.200000,0.146926,-0.872917
9.210000,0.138065,-0.886141
9.220000,0.129079,-0.898568
9.230000,0.119977,-0.910186
9.240000,0.110767,-0.920985
9.250000,0.101458,-0.930955
9.260000,0.092057,-0.940087
9.270000,0.082573,-0.948374
9.280000,0.073015,-0.955806
9.290000,0.063391,-0.962379
9.300000,0.053710,-0.968086
9.310000,0.043981,-0.972921
9.320000,0.034212,-0.976881
9.330000,0.024413,-0.979961
9.340000,0.014591,-0.982160
9.350000,0.004756,-0.983475
9.360000,-0.005083,-0.983904
9.370000,-0.014917,-0.983449
9.380000,-0.024738,-0.982108
9.390000,-0.034537,-0.979883
9.400000,-0.044305,-0.976776
9.410000,-0.054033,-0.972791
9.420000,-0.063712,-0.967930
9.430000,-0.073334,-0.962197
9.440000,-0.082890,-0.955599
9.450000,-0.092371,-0.948141
9.460000,-0.101770,-0.939829
9.470000,-0.111076,-0.930672
9.480000,-0.120283,-0.920677
9.490000,-0.129382,-0.909854
9.500000,-0.138364,-0.898211
9.510000,-0.147221,-0.885761
9.520000,-0.155947,-0.872513
9.530000,-0.164531,-0.858480
9.540000,-0.172968,-0.843674
9.550000,-0.181249,-0.828109
9.560000,-0.189367,-0.811799
9.570000,-0.197315,-0.794758
9.580000,-0.205085,-0.777002
9.590000,-0.212670,-0.758546
9.600000,-0.220064,-0.739408
9.610000,-0.227260,-0.719604
9.620000,-0.234252,-0.699153
9.630000,-0.241033,-0.678073
9.640000,-0.247596,-0.656382
9.650000,-0.253937,-0.634100
9.660000,-0.260050,-0.611248
9.670000,-0.265928,-0.587846
9.680000,-0.271568,-0.563915
9.690000,-0.276962,-0.539476
9.700000,-0.282108,-0.514551
9.710000,-0.286999,-0.489164
9.720000,-0.291633,-0.463336
9.730000,-0.296004,-0.437091
9.740000,-0.300108,-0.410453
9.750000,-0.303943,-0.383446
9.760000,-0.307504,-0.356093
9.770000,-0.310788,-0.328420
9.780000,-0.313792,-0.300451
9.790000,-0.316514,-0.272212
9.800000,-0.318952,-0.243728
9.810000,-0.321102,-0.215024
9.820000,-0.322963,-0.186127
9.830000,-0.324534,-0.157062
9.840000,-0.325812,-0.127856
9.850000,-0.326798,-0.098535
9.860000,-0.327489,-0.069126
9.870000,-0.327886,-0.039654
9.880000,-0.327987,-0.010146
9.890000,-0.327793,0.019371
9.900000,-0.327305,0.048871
9.910000,-0.326521,0.078326
9.920000,-0.325444,0.107711
9.930000,-0.324074,0.136999
9.940000,-0.322413,0.166164
9.950000,-0.320461,0.195180
9.960000,-0.318221,0.224019
9.970000,-0.315694,0.252657
9.980000,-0.312883,0.281068
9.990000,-0.309791,0.309226
10.000000,-0.306420,0.337106
10.010000,-0.302773,0.364682
10.020000,-0.298854,0.391930
10.030000,-0.294666,0.418826
10.040000,-0.290212,0.445344
10.050000,-0.285498,0.471462
10.060000,-0.280526,0.497155
10.070000,-0.275302,0.522401
10.080000,-0.269830,0.547177
10.090000,-0.264116,0.571461
10.100000,-0.258163,0.595230
10.110000,-0.251979,0.618464
10.120000,-0.245567,0.641141
10.130000,-0.238935,0.663241
10.140000,-0.232087,0.684744
10.150000,-0.225031,0.705631
10.160000,-0.217772,0.725883
10.170000,-0.210318,0.745482
10.180000,-0.202673,0.764409
10.190000,-0.194847,0.782649
10.200000,-0.186845,0.800185
10.210000,-0.178675,0.817000
10.220000,-0.170344,0.833081
10.230000,-0.161860,0.848411
10.240000,-0.153230,0.862978
10.250000,-0.144463,0.876768
10.260000,-0.135565,0.889770
10.270000,-0.126545,0.901970
10.280000,-0.117412,0.913359
10.290000,-0.108172,0.923926
10.300000,-0.098836,0.933662
10.310000,-0.089410,0.942557
10.320000,-0.079904,0.950604
10.330000,-0.070326,0.957795
10.340000,-0.060685,0.964125
10.350000,-0.050989,0.969587
10.360000,-0.041247,0.974176
10.370000,-0.031469,0.977889
10.380000,-0.021661,0.980721
10.390000,-0.011835,0.982671
10.400000,-0.001997,0.983737
10.410000,0.007842,0.983917
10.420000,0.017674,0.983212
10.430000,0.027490,0.981622
10.440000,0.037282,0.979148
10.450000,0.047040,0.975794
10.460000,0.056755,0.971561
10.470000,0.066420,0.966454
10.480000,0.076025,0.960477
10.490000,0.085561,0.953636
10.500000,0.095020,0.945936
10.510000,0.104394,0.937386
10.520000,0.113674,0.927991
10.530000,0.122852,0.917762
10.540000,0.131919,0.906706
10.550000,0.140867,0.894835
10.560000,0.149689,0.882158
10.570000,0.158376,0.868688
10.580000,0.166920,0.854435
10.590000,0.175314,0.839414
10.600000,0.183550,0.823637
10.610000,0.191622,0.807119
10.620000,0.199520,0.789875
10.630000,0.207240,0.771920
10.640000,0.214772,0.753270
10.650000,0.222112,0.733942
10.660000,0.229251,0.713954
10.670000,0.236184,0.693323
10.680000,0.242905,0.672068
10.690000,0.249407,0.650208
10.700000,0.255685,0.627763
10.710000,0.261732,0.604754
10.720000,0.267544,0.581200
10.730000,0.273116,0.557123
10.740000,0.278441,0.532544
10.750000,0.283516,0.507487
10.760000,0.288336,0.481972
10.770000,0.292896,0.456024
10.780000,0.297193,0.429665
10.790000,0.301222,0.402920
10.800000,0.304980,0.375812
10.810000,0.308464,0.348366
10.820000,0.311670,0.320607
10.830000,0.314595,0.292558
10.840000,0.317238,0.264247
10.850000,0.319595,0.235698
10.860000,0.321664,0.206936
10.870000,0.323444,0.177989
10.880000,0.324933,0.148881
10.890000,0.326129,0.119639
10.900000,0.327032,0.090290
10.910000,0.327641,0.060859
10.920000,0.327954,0.031373
10.930000,0.327973,0.001860
10.940000,0.327696,-0.027656
10.950000,0.327125,-0.057146
10.960000,0.326259,-0.086586
10.970000,0.325100,-0.115947
10.980000,0.323647,-0.145204
10.990000,0.321904,-0.174330
11.000000,0.319871,-0.203299
11.010000,0.317550,-0.232086
11.020000,0.314944,-0.260663
11.030000,0.312054,-0.289006
11.040000,0.308883,-0.317089
11.050000,0.305434,-0.344887
11.060000,0.301710,-0.372374
11.070000,0.297715,-0.399526
11.080000,0.293452,-0.426318
11.090000,0.288924,-0.452727
11.100000,0.284137,-0.478729
11.110000,0.279094,-0.504299
11.120000,0.273800,-0.529416
11.130000,0.268259,-0.554057
11.140000,0.262477,-0.578198
11.150000,0.256459,-0.601820
11.160000,0.250210,-0.624900
11.170000,0.243736,-0.647417
11.180000,0.237043,-0.669352
11.190000,0.230136,-0.690684
11.200000,0.223022,-0.711395
11.210000,0.215707,-0.731466
11.220000,0.208198,-0.750878
11.230000,0.200502,-0.769615
11.240000,0.192626,-0.787659
11.250000,0.184576,-0.804994
11.260000,0.176360,-0.821605
11.270000,0.167985,-0.837477
11.280000,0.159459,-0.852594
11.290000,0.150789,-0.866945
11.300000,0.141984,-0.880515
11.310000,0.133051,-0.893293
11.320000,0.123999,-0.905267
11.330000,0.114834,-0.916426
11.340000,0.105567,-0.926761
11.350000,0.096204,-0.936261
11.360000,0.086755,-0.944919
11.370000,0.077228,-0.952727
11.380000,0.067631,-0.959677
11.390000,0.057973,-0.965763
11.400000,0.048264,-0.970981
11.410000,0.038510,-0.975324
11.420000,0.028722,-0.978790
11.430000,0.018909,-0.981375
11.440000,0.009078,-0.983077
11.450000,-0.000761,-0.983894
11.460000,-0.010599,-0.983826
11.470000,-0.020428,-0.982872
11.480000,-0.030238,-0.981034
11.490000,-0.040022,-0.978313
11.500000,-0.049769,-0.974712
11.510000,-0.059471,-0.970233
11.520000,-0.069120,-0.964881
11.530000,-0.078706,-0.958661
11.540000,-0.088222,-0.951578
11.550000,-0.097659,-0.943639
11.560000,-0.107007,-0.934850
11.570000,-0.116259,-0.925221
11.580000,-0.125407,-0.914758
11.590000,-0.134442,-0.903473
11.600000,-0.143355,-0.891374
11.610000,-0.152140,-0.878473
11.620000,-0.160788,-0.864781
11.630000,-0.169291,-0.850312
11.640000,-0.177642,-0.835077
11.650000,-0.185833,-0.819090
11.660000,-0.193856,-0.802367
11.670000,-0.201706,-0.784921
11.680000,-0.209373,-0.766769
11.690000,-0.216853,-0.747927
11.700000,-0.224137,-0.728412
11.710000,-0.231219,-0.708241
11.720000,-0.238093,-0.687433
11.730000,-0.244753,-0.666006
11.740000,-0.251193,-0.643980
11.750000,-0.257407,-0.621375
11.760000,-0.263389,-0.598210
11.770000,-0.269134,-0.574507
11.780000,-0.274637,-0.550286
11.790000,-0.279893,-0.525571
11.800000,-0.284897,-0.500382
11.810000,-0.289644,-0.474744
11.820000,-0.294131,-0.448678
11.830000,-0.298353,-0.422208
11.840000,-0.302306,-0.395358
11.850000,-0.305988,-0.368153
11.860000,-0.309394,-0.340616
11.870000,-0.312522,-0.312773
11.880000,-0.315368,-0.284648
11.890000,-0.317931,-0.256267
11.900000,-0.320208,-0.227655
11.910000,-0.322196,-0.198838
11.920000,-0.323894,-0.169843
11.930000,-0.325301,-0.140695
11.940000,-0.326415,-0.111420
11.950000,-0.327236,-0.082045
11.960000,-0.327762,-0.052595
11.970000,-0.327993,-0.023099
11.980000,-0.327929,0.006418
11.990000,-0.327569,0.035930
12.000000,-0.326915,0.065409
12.010000,-0.325967,0.094829
12.020000,-0.324725,0.124164
12.030000,-0.323192,0.153387
12.040000,-0.321367,0.182472
12.050000,-0.319253,0.211393
12.060000,-0.316852,0.240124
12.070000,-0.314165,0.268638
12.080000,-0.311196,0.296911
12.090000,-0.307947,0.324916
12.100000,-0.304421,0.352630
12.110000,-0.300620,0.380026
12.120000,-0.296550,0.407079
12.130000,-0.292212,0.433767
12.140000,-0.287611,0.460064
12.150000,-0.282752,0.485947
12.160000,-0.277638,0.511393
12.170000,-0.272274,0.536379
12.180000,-0.266665,0.560882
12.190000,-0.260817,0.584880
12.200000,-0.254733,0.608352
12.210000,-0.248420,0.631276
12.220000,-0.241884,0.653632
12.230000,-0.235130,0.675400
12.240000,-0.228164,0.696560
12.250000,-0.220993,0.717094
12.260000,-0.213624,0.736982
12.270000,-0.206061,0.756206
12.280000,-0.198314,0.774751
12.290000,-0.190388,0.792598
12.300000,-0.182291,0.809731
12.310000,-0.174029,0.826136
12.320000,-0.165611,0.841798
12.330000,-0.157044,0.856702
12.340000,-0.148336,0.870835
12.350000,-0.139494,0.884184
12.360000,-0.130527,0.896738
12.370000,-0.121442,0.908485
12.380000,-0.112248,0.919414
12.390000,-0.102953,0.929515
12.400000,-0.093565,0.938780
12.410000,-0.084093,0.947201
12.420000,-0.074545,0.954768
12.430000,-0.064930,0.961477
12.440000,-0.055257,0.967320
12.450000,-0.045534,0.972293
12.460000,-0.035770,0.976391
12.470000,-0.025974,0.979610
12.480000,-0.016155,0.981948
12.490000,-0.006321,0.983402
12.500000,0.003519,0.983971
12.510000,0.013356,0.983654
12.520000,0.023180,0.982452
12.530000,0.032984,0.980366
12.540000,0.042758,0.977398
12.550000,0.052493,0.973550
12.560000,0.062181,0.968826
12.570000,0.071814,0.963230
12.580000,0.081381,0.956768
12.590000,0.090876,0.949444
12.600000,0.100289,0.941266
12.610000,0.109611,0.932240
12.620000,0.118835,0.922376
12.630000,0.127952,0.911682
12.640000,0.136953,0.900167
12.650000,0.145832,0.887842
12.660000,0.154579,0.874719
12.670000,0.163187,0.860808
12.680000,0.171648,0.846122
12.690000,0.179955,0.830675
12.700000,0.188100,0.814480
12.710000,0.196075,0.797552
12.720000,0.203874,0.779907
12.730000,0.211490,0.761560
12.740000,0.218915,0.742527
12.750000,0.226143,0.722826
12.760000,0.233168,0.702475
12.770000,0.239983,0.681491
12.780000,0.246582,0.659895
12.790000,0.252959,0.637704
12.800000,0.259108,0.614939
12.810000,0.265025,0.591621
12.820000,0.270702,0.567771
12.830000,0.276136,0.543410
12.840000,0.281322,0.518559
12.850000,0.286254,0.493242
12.860000,0.290929,0.467481
12.870000,0.295342,0.441299
12.880000,0.299489,0.414721
12.890000,0.303367,0.387769
12.900000,0.306972,0.360468
12.910000,0.310300,0.332842
12.920000,0.313349,0.304917
12.930000,0.316117,0.276718
12.940000,0.318599,0.248270
12.950000,0.320795,0.219598
12.960000,0.322703,0.190728
12.970000,0.324319,0.161687
12.980000,0.325644,0.132501
12.990000,0.326676,0.103195
13.000000,0.327414,0.073796
13.010000,0.327858,0.044331
13.020000,0.328006,0.014826
13.030000,0.327859,-0.014692
13.040000,0.327417,-0.044197
13.050000,0.326680,-0.073663
13.060000,0.325650,-0.103062
13.070000,0.324326,-0.132368
13.080000,0.322711,-0.161555
13.090000,0.320805,-0.190597
13.100000,0.318610,-0.219467
13.110000,0.316129,-0.248140
13.120000,0.313363,-0.276589
13.130000,0.310315,-0.304790
13.140000,0.306988,-0.332716
13.150000,0.303384,-0.360343
13.160000,0.299508,-0.387646
13.170000,0.295362,-0.414599
13.180000,0.290950,-0.441180
13.190000,0.286276,-0.467363
13.200000,0.281345,-0.493126
13.210000,0.276161,-0.518445
13.220000,0.270728,-0.543298
13.230000,0.265051,-0.567662
13.240000,0.259136,-0.591515
13.250000,0.252987,-0.614835
13.260000,0.246611,-0.637602
13.270000,0.240013,-0.659796
13.280000,0.233200,-0.681395
13.290000,0.226176,-0.702382
13.300000,0.218948,-0.722736
13.310000,0.211524,-0.742440
13.320000,0.203909,-0.761476
13.330000,0.196111,-0.779826
13.340000,0.188136,-0.797475
13.350000,0.179992,-0.814406
13.360000,0.171686,-0.830604
13.370000,0.163226,-0.846055
13.380000,0.154618,-0.860744
13.390000,0.145871,-0.874658
13.400000,0.136994,-0.887786
13.410000,0.127992,-0.900114
13.420000,0.118876,-0.911633
13.430000,0.109653,-0.922331
13.440000,0.100331,-0.932199
13.450000,0.090919,-0.941228
13.460000,0.081424,-0.949410
13.470000,0.071857,-0.956738
13.480000,0.062225,-0.963205
13.490000,0.052537,-0.968804
13.500000,0.042802,-0.973532
13.510000,0.033028,-0.977384
13.520000,0.023224,-0.980357
13.530000,0.013400,-0.982447
13.540000,0.003563,-0.983653
13.550000,-0.006276,-0.983973
13.560000,-0.016111,-0.983408
13.570000,-0.025930,-0.981959
13.580000,-0.035726,-0.979625
13.590000,-0.045490,-0.976410
13.600000,-0.055214,-0.972316
13.610000,-0.064887,-0.967347
13.620000,-0.074502,-0.961508
13.630000,-0.084050,-0.954803
13.640000,-0.093523,-0.947239
13.650000,-0.102911,-0.938823
13.660000,-0.112206,-0.929562
13.670000,-0.121401,-0.919464
13.680000,-0.130486,-0.908539
13.690000,-0.139454,-0.896796
13.700000,-0.148297,-0.884246
13.710000,-0.157006,-0.870900
13.720000,-0.165574,-0.856771
13.730000,-0.173992,-0.841870
13.740000,-0.182254,-0.826212
13.750000,-0.190353,-0.809810
13.760000,-0.198279,-0.792680
13.770000,-0.206028,-0.774836
13.780000,-0.213591,-0.756295
13.790000,-0.220961,-0.737073
13.800000,-0.228133,-0.717188
13.810000,-0.235100,-0.696658
13.820000,-0.241855,-0.675501
13.830000,-0.248392,-0.653735
13.840000,-0.254706,-0.631382
13.850000,-0.260791,-0.608460
13.860000,-0.266641,-0.584990
13.870000,-0.272250,-0.560995
13.880000,-0.277615,-0.536494
13.890000,-0.282731,-0.511510
13.900000,-0.287591,-0.486067
13.910000,-0.292193,-0.460185
13.920000,-0.296532,-0.433890
13.930000,-0.300604,-0.407204
13.940000,-0.304405,-0.380152
13.950000,-0.307933,-0.352757
13.960000,-0.311184,-0.325045
13.970000,-0.314154,-0.297041
13.980000,-0.316842,-0.268769
13.990000,-0.319244,-0.240256
14.000000,-0.321359,-0.211526
14.010000,-0.323185,-0.182606
14.020000,-0.324721,-0.153521
14.030000,-0.325964,-0.124298
14.040000,-0.326913,-0.094964
14.050000,-0.327569,-0.065544
14.060000,-0.327929,-0.036065
14.070000,-0.327995,-0.006553
14.080000,-0.327765,0.022964
14.090000,-0.327241,0.052461
14.100000,-0.326422,0.081910
14.110000,-0.325309,0.111286
14.120000,-0.323903,0.140561
14.130000,-0.322206,0.169710
14.140000,-0.320219,0.198707
14.150000,-0.317944,0.227524
14.160000,-0.315382,0.256137
14.170000,-0.312537,0.284519
14.180000,-0.309411,0.312646
14.190000,-0.306006,0.340491
14.200000,-0.302325,0.368029
14.210000,-0.298373,0.395236
14.220000,-0.294152,0.422088
14.230000,-0.289667,0.448560
14.240000,-0.284920,0.474628
14.250000,-0.279918,0.500269
14.260000,-0.274663,0.525459
14.270000,-0.269161,0.550177
14.280000,-0.263417,0.574400
14.290000,-0.257436,0.598106
14.300000,-0.251224,0.621273
14.310000,-0.244785,0.643882
14.320000,-0.238126,0.665911
14.330000,-0.231252,0.687340
14.340000,-0.224171,0.708151
14.350000,-0.216887,0.728325
14.360000,-0.209409,0.747844
14.370000,-0.201742,0.766689
14.380000,-0.193894,0.784845
14.390000,-0.185871,0.802294
14.400000,-0.177681,0.819021
14.410000,-0.169330,0.835011
14.420000,-0.160828,0.850249
14.430000,-0.152181,0.864723
14.440000,-0.143397,0.878418
14.450000,-0.134483,0.891323
14.460000,-0.125449,0.903426
14.470000,-0.116302,0.914715
14.480000,-0.107050,0.925181
14.490000,-0.097702,0.934815
14.500000,-0.088266,0.943608
14.510000,-0.078750,0.951551
14.520000,-0.069164,0.958638
14.530000,-0.059515,0.964862
14.540000,-0.049813,0.970218
14.550000,-0.040066,0.974701
14.560000,-0.030283,0.978307
14.570000,-0.020473,0.981032
14.580000,-0.010644,0.982875
14.590000,-0.000806,0.983833
14.600000,0.009033,0.983905
14.610000,0.018864,0.983092
14.620000,0.028678,0.981394
14.630000,0.038466,0.978814
14.640000,0.048220,0.975352
14.650000,0.057930,0.971012
14.660000,0.067588,0.965799
14.670000,0.077185,0.959717
14.680000,0.086713,0.952771
14.690000,0.096163,0.944967
14.700000,0.105526,0.936313
14.710000,0.114794,0.926816
14.720000,0.123959,0.916486
14.730000,0.133012,0.905330
14.740000,0.141946,0.893360
14.750000,0.150751,0.880586
14.760000,0.159422,0.867019
14.770000,0.167948,0.852672
14.780000,0.176324,0.837558
14.790000,0.184541,0.821690
14.800000,0.192592,0.805083
14.810000,0.200469,0.787751
14.820000,0.208166,0.769710
14.830000,0.215676,0.750976
14.840000,0.222992,0.731567
14.850000,0.230107,0.711499
14.860000,0.237015,0.690791
14.870000,0.243709,0.669462
14.880000,0.250185,0.647529
14.890000,0.256435,0.625014
14.900000,0.262454,0.601937
14.910000,0.268237,0.578318
14.920000,0.273779,0.554178
14.930000,0.279074,0.529540
14.940000,0.284119,0.504425
14.950000,0.288907,0.478857
14.960000,0.293436,0.452857
14.970000,0.297700,0.426450
14.980000,0.301697,0.399659
14.990000,0.305422,0.372508
15.000000,0.308872,0.345022
15.010000,0.312044,0.317226
15.020000,0.314936,0.289144
15.030000,0.317544,0.260802
15.040000,0.319866,0.232225
15.050000,0.321901,0.203439
15.060000,0.323645,0.174470
15.070000,0.325099,0.145344
15.080000,0.326260,0.116087
15.090000,0.327127,0.086726
15.100000,0.327700,0.057287
15.110000,0.327978,0.027796
15.120000,0.327961,-0.001719
15.130000,0.327648,-0.031234
15.140000,0.327041,-0.060720
15.150000,0.326139,-0.090151
15.160000,0.324944,-0.119502
15.170000,0.323457,-0.148744
15.180000,0.321678,-0.177853
15.190000,0.319610,-0.206802
15.200000,0.317255,-0.235565
15.210000,0.314614,-0.264116
15.220000,0.311689,-0.292429
15.230000,0.308485,-0.320479
15.240000,0.305002,-0.348240
15.250000,0.301245,-0.375689
15.260000,0.297217,-0.402799
15.270000,0.292922,-0.429546
15.280000,0.288363,-0.455907
15.290000,0.283544,-0.481858
15.300000,0.278470,-0.507375
15.310000,0.273146,-0.532435
15.320000,0.267576,-0.557017
15.330000,0.261765,-0.581097
15.340000,0.255718,-0.604654
15.350000,0.249442,-0.627667
15.360000,0.242941,-0.650115
15.370000,0.236221,-0.671978
15.380000,0.229288,-0.693236
15.390000,0.222150,-0.713871
15.400000,0.214811,-0.733862
15.410000,0.207279,-0.753194
15.420000,0.199561,-0.771848
15.430000,0.191663,-0.789807
15.440000,0.183592,-0.807055
15.450000,0.175356,-0.823577
15.460000,0.166963,-0.839358
15.470000,0.158419,-0.854384
15.480000,0.149732,-0.868640
15.490000,0.140911,-0.882115
15.500000,0.131963,-0.894796
15.510000,0.122897,-0.906672
15.520000,0.113719,-0.917732
15.530000,0.104440,-0.927966
15.540000,0.095066,-0.937365
15.550000,0.085607,-0.945920
15.560000,0.076071,-0.953624
15.570000,0.066466,-0.960470
15.580000,0.056801,-0.966451
15.590000,0.047086,-0.971563
15.600000,0.037328,-0.975801
15.610000,0.027536,-0.979160
15.620000,0.017720,-0.981638
15.630000,0.007887,-0.983233
15.640000,-0.001952,-0.983942
15.650000,-0.011790,-0.983767
15.660000,-0.021617,-0.982706
15.670000,-0.031424,-0.980760
15.680000,-0.041204,-0.977932
15.690000,-0.050946,-0.974224
15.700000,-0.060642,-0.969640
15.710000,-0.070284,-0.964182
15.720000,-0.079863,-0.957857
15.730000,-0.089369,-0.950670
15.740000,-0.098796,-0.942627
15.750000,-0.108133,-0.933736
15.760000,-0.117373,-0.924005
15.770000,-0.126508,-0.913442
15.780000,-0.135528,-0.902058
15.790000,-0.144427,-0.889861
15.800000,-0.153195,-0.876864
15.810000,-0.161826,-0.863077
15.820000,-0.170311,-0.848514
15.830000,-0.178643,-0.833187
15.840000,-0.186814,-0.817110
15.850000,-0.194817,-0.800298
15.860000,-0.202645,-0.782766
15.870000,-0.210290,-0.764529
15.880000,-0.217746,-0.745605
15.890000,-0.225006,-0.726009
15.900000,-0.232064,-0.705760
15.910000,-0.238913,-0.684876
15.920000,-0.245546,-0.663375
15.930000,-0.251959,-0.641278
15.940000,-0.258145,-0.618603
15.950000,-0.264099,-0.595372
15.960000,-0.269815,-0.571605
15.970000,-0.275288,-0.547323
15.980000,-0.280514,-0.522549
15.990000,-0.285487,-0.497305
16.000000,-0.290203,-0.471613
16.010000,-0.294658,-0.445496
16.020000,-0.298848,-0.418979
16.030000,-0.302768,-0.392085
16.040000,-0.306417,-0.364838
16.050000,-0.309789,-0.337262
16.060000,-0.312883,-0.309383
16.070000,-0.315696,-0.281226
16.080000,-0.318224,-0.252816
16.090000,-0.320465,-0.224178
16.100000,-0.322419,-0.195338
16.110000,-0.324082,-0.166322
16.120000,-0.325454,-0.137157
16.130000,-0.326532,-0.107868
16.140000,-0.327317,-0.078483
16.150000,-0.327807,-0.049026
16.160000,-0.328003,-0.019526
16.170000,-0.327903,0.009992
16.180000,-0.327508,0.039501
16.190000,-0.326818,0.068975
16.200000,-0.325834,0.098386
16.210000,-0.324557,0.127709
16.220000,-0.322988,0.156917
16.230000,-0.321128,0.185984
16.240000,-0.318979,0.214883
16.250000,-0.316543,0.243589
16.260000,-0.313823,0.272076
16.270000,-0.310819,0.300318
16.280000,-0.307537,0.328289
16.290000,-0.303977,0.355965
16.300000,-0.300144,0.383321
16.310000,-0.296040,0.410332
16.320000,-0.291671,0.436974
16.330000,-0.287038,0.463222
16.340000,-0.282148,0.489054
16.350000,-0.277003,0.514445
16.360000,-0.271610,0.539374
16.370000,-0.265971,0.563817
16.380000,-0.260094,0.587752
16.390000,-0.253982,0.611159
16.400000,-0.247642,0.634016
16.410000,-0.241079,0.656302
16.420000,-0.234299,0.677997
16.430000,-0.227308,0.699083
16.440000,-0.220113,0.719539
16.450000,-0.212720,0.739348
16.460000,-0.205135,0.758491
16.470000,-0.197365,0.776952
16.480000,-0.189418,0.794713
16.490000,-0.181300,0.811759
16.500000,-0.173020,0.828075
16.510000,-0.164583,0.843646
16.520000,-0.155999,0.858457
16.530000,-0.147274,0.872496
16.540000,-0.138416,0.885750
16.550000,-0.129434,0.898206
16.560000,-0.120336,0.909854
16.570000,-0.111129,0.920684
16.580000,-0.101822,0.930685
16.590000,-0.092423,0.939848
16.600000,-0.082942,0.948165
16.610000,-0.073385,0.955630
16.620000,-0.063763,0.962234
16.630000,-0.054083,0.967972
16.640000,-0.044355,0.972839
16.650000,-0.034587,0.976831
16.660000,-0.024787,0.979943
16.670000,-0.014965,0.982174
16.680000,-0.005130,0.983521
16.690000,0.004710,0.983983
16.700000,0.014545,0.983559
16.710000,0.024368,0.982250
16.720000,0.034168,0.980057
16.730000,0.043938,0.976982
16.740000,0.053668,0.973028
16.750000,0.063350,0.968198
16.760000,0.072975,0.962497
16.770000,0.082535,0.955930
16.780000,0.092020,0.948502
16.790000,0.101422,0.940221
16.800000,0.110733,0.931094
16.810000,0.119944,0.921129
16.820000,0.129047,0.910334
16.830000,0.138035,0.898721
16.840000,0.146898,0.886299
16.850000,0.155628,0.873079
16.860000,0.164219,0.859074
16.870000,0.172662,0.844295
16.880000,0.180950,0.828757
16.890000,0.189074,0.812472
16.900000,0.197029,0.795457
16.910000,0.204806,0.777726
16.920000,0.212399,0.759294
16.930000,0.219801,0.740180
16.940000,0.227005,0.720399
16.950000,0.234005,0.699970
16.960000,0.240794,0.678912
16.970000,0.247366,0.657242
16.980000,0.253716,0.634981
16.990000,0.259837,0.612148
17.000000,0.265725,0.588764
17.010000,0.271374,0.564851
17.020000,0.276778,0.540429
17.030000,0.281933,0.515521
17.040000,0.286835,0.490149
17.050000,0.291478,0.464336
17.060000,0.295859,0.438105
17.070000,0.299974,0.411479
17.080000,0.303819,0.384484
17.090000,0.307390,0.357142
17.100000,0.310685,0.329479
17.110000,0.313700,0.301519
17.120000,0.316433,0.273289
17.130000,0.318881,0.244812
17.140000,0.321042,0.216115
17.150000,0.322914,0.187223
17.160000,0.324496,0.158163
17.170000,0.325786,0.128960
17.180000,0.326782,0.099642
17.190000,0.327484,0.070234
17.200000,0.327892,0.040762
17.210000,0.328004,0.011254
17.220000,0.327822,-0.018264
17.230000,0.327344,-0.047766
17.240000,0.326572,-0.077224
17.250000,0.325506,-0.106614
17.260000,0.324147,-0.135907
17.270000,0.322496,-0.165078
17.280000,0.320555,-0.194100
17.290000,0.318325,-0.222948
17.300000,0.315810,-0.251595
17.310000,0.313009,-0.280016
17.320000,0.309928,-0.308185
17.330000,0.306567,-0.336076
17.340000,0.302930,-0.363665
17.350000,0.299021,-0.390927
17.360000,0.294842,-0.417837
17.370000,0.290399,-0.444371
17.380000,0.285694,-0.470504
17.390000,0.280732,-0.496215
17.400000,0.275517,-0.521479
17.410000,0.270054,-0.546274
17.420000,0.264348,-0.570577
17.430000,0.258405,-0.594366
17.440000,0.252228,-0.617621
17.450000,0.245825,-0.640320
17.460000,0.239201,-0.662442
17.470000,0.232361,-0.683969
17.480000,0.225312,-0.704880
17.490000,0.218061,-0.725156
17.500000,0.210613,-0.744780
17.510000,0.202976,-0.763734
17.520000,0.195156,-0.782000
17.530000,0.187160,-0.799563
17.540000,0.178996,-0.816406
17.550000,0.170671,-0.832515
17.560000,0.162192,-0.847874
17.570000,0.153567,-0.862470
17.580000,0.144804,-0.876290
17.590000,0.135911,-0.889322
17.600000,0.126896,-0.901553
17.610000,0.117766,-0.912972
17.620000,0.108530,-0.923571
17.630000,0.099197,-0.933337
17.640000,0.089774,-0.942265
17.650000,0.080271,-0.950344
17.660000,0.070695,-0.957567
17.670000,0.061056,-0.963930
17.680000,0.051362,-0.969424
17.690000,0.041621,-0.974046
17.700000,0.031843,-0.977792
17.710000,0.022037,-0.980658
17.720000,0.012210,-0.982641
17.730000,0.002373,-0.983740
17.740000,-0.007467,-0.983953
17.750000,-0.017300,-0.983281
17.760000,-0.027117,-0.981724
17.770000,-0.036910,-0.979284
17.780000,-0.046669,-0.975962
17.790000,-0.056387,-0.971762
17.800000,-0.066054,-0.966688
17.810000,-0.075661,-0.960744
17.820000,-0.085201,-0.953935
17.830000,-0.094663,-0.946267
17.840000,-0.104041,-0.937748
17.850000,-0.113325,-0.928385
17.860000,-0.122506,-0.918187
17.870000,-0.131578,-0.907162
17.880000,-0.140531,-0.895321
17.890000,-0.149358,-0.882674
17.900000,-0.158050,-0.869233
17.910000,-0.166600,-0.855009
17.920000,-0.175001,-0.840016
17.930000,-0.183243,-0.824268
17.940000,-0.191321,-0.807777
17.950000,-0.199227,-0.790559
17.960000,-0.206953,-0.772630
17.970000,-0.214493,-0.754006
17.980000,-0.221840,-0.734703
17.990000,-0.228987,-0.714739
18.000000,-0.235929,-0.694132
18.010000,-0.242658,-0.672900
18.020000,-0.249168,-0.651062
18.030000,-0.255455,-0.628639
18.040000,-0.261511,-0.605649
18.050000,-0.267332,-0.582115
18.060000,-0.272913,-0.558057
18.070000,-0.278248,-0.533497
18.080000,-0.283332,-0.508456
18.090000,-0.288162,-0.482958
18.100000,-0.292732,-0.457026
18.110000,-0.297039,-0.430682
18.120000,-0.301079,-0.403950
18.130000,-0.304847,-0.376855
18.140000,-0.308341,-0.349421
18.150000,-0.311558,-0.321672
18.160000,-0.314494,-0.293634
18.170000,-0.317148,-0.265332
18.180000,-0.319516,-0.236791
18.190000,-0.321596,-0.208036
18.200000,-0.323387,-0.179095
18.210000,-0.324887,-0.149992
18.220000,-0.326094,-0.120755
18.230000,-0.327009,-0.091408
18.240000,-0.327628,-0.061980
18.250000,-0.327953,-0.032495
18.260000,-0.327983,-0.002982
18.270000,-0.327718,0.026534
18.280000,-0.327157,0.056027
18.290000,-0.326303,0.085469
18.300000,-0.325154,0.114834
18.310000,-0.323713,0.144096
18.320000,-0.321981,0.173228
18.330000,-0.319959,0.202204
18.340000,-0.317649,0.230998
18.350000,-0.315053,0.259584
18.360000,-0.312174,0.287937
18.370000,-0.309014,0.316030
18.380000,-0.305575,0.343839
18.390000,-0.301862,0.371339
18.400000,-0.297877,0.398505
18.410000,-0.293624,0.425312
18.420000,-0.289106,0.451736
18.430000,-0.284329,0.477753
18.440000,-0.279295,0.503341
18.450000,-0.274011,0.528476
18.460000,-0.268479,0.553135
18.470000,-0.262706,0.577296
18.480000,-0.256697,0.600938
18.490000,-0.250457,0.624039
18.500000,-0.243991,0.646578
18.510000,-0.237305,0.668536
18.520000,-0.230407,0.689892
18.530000,-0.223300,0.710627
18.540000,-0.215993,0.730722
18.550000,-0.208491,0.750160
18.560000,-0.200802,0.768923
18.570000,-0.192932,0.786994
18.580000,-0.184889,0.804357
18.590000,-0.176679,0.820995
18.600000,-0.168310,0.836895
18.610000,-0.159789,0.852042
18.620000,-0.151125,0.866422
18.630000,-0.142325,0.880022
18.640000,-0.133397,0.892830
18.650000,-0.124348,0.904835
18.660000,-0.115188,0.916026
18.670000,-0.105924,0.926392
18.680000,-0.096565,0.935924
18.690000,-0.087119,0.944615
18.700000,-0.077594,0.952455
18.710000,-0.068000,0.959438
18.720000,-0.058344,0.965557
18.730000,-0.048636,0.970808
18.740000,-0.038884,0.975185
18.750000,-0.029097,0.978684
18.760000,-0.019284,0.981303
18.770000,-0.009454,0.983038
18.780000,0.000385,0.983889
18.790000,0.010223,0.983854
18.800000,0.020053,0.982934
18.810000,0.029864,0.981129
18.820000,0.039648,0.978442
18.830000,0.049397,0.974874
18.840000,0.059101,0.970428
18.850000,0.068753,0.965110
18.860000,0.078342,0.958922
18.870000,0.087861,0.951872
18.880000,0.097300,0.943965
18.890000,0.106652,0.935209
18.900000,0.115908,0.925611
18.910000,0.125060,0.915180
18.920000,0.134099,0.903925
18.930000,0.143018,0.891857
18.940000,0.151808,0.878987
18.950000,0.160461,0.865325
18.960000,0.168970,0.850885
18.970000,0.177327,0.835679
18.980000,0.185524,0.819720
18.990000,0.193554,0.803024
19.000000,0.201410,0.785606
19.010000,0.209085,0.767480
19.020000,0.216572,0.748664
19.030000,0.223863,0.729174
19.040000,0.230954,0.709028
19.050000,0.237836,0.688244
19.060000,0.244505,0.666840
19.070000,0.250953,0.644836
19.080000,0.257175,0.622252
19.090000,0.263167,0.599108
19.100000,0.268921,0.575425
19.110000,0.274433,0.551224
19.120000,0.279698,0.526527
19.130000,0.284712,0.501356
19.140000,0.289469,0.475734
19.150000,0.293966,0.449683
19.160000,0.298198,0.423228
19.170000,0.302162,0.396393
19.180000,0.305854,0.369200
19.190000,0.309271,0.341675
19.200000,0.312409,0.313843
19.210000,0.315267,0.285728
19.220000,0.317840,0.257356
19.230000,0.320128,0.228753
19.240000,0.322127,0.199943
19.250000,0.323837,0.170954
19.260000,0.325255,0.141811
19.270000,0.326380,0.112540
19.280000,0.327212,0.083168
19.290000,0.327749,0.053721
19.300000,0.327991,0.024226
19.310000,0.327938,-0.005291
19.320000,0.327590,-0.034803
19.330000,0.326948,-0.064284
19.340000,0.326011,-0.093707
19.350000,0.324780,-0.123046
19.360000,0.323257,-0.152274
19.370000,0.321444,-0.181365
19.380000,0.319341,-0.210293
19.390000,0.316950,-0.239031
19.400000,0.314275,-0.267554
19.410000,0.311317,-0.295837
19.420000,0.308078,-0.323853
19.430000,0.304562,-0.351578
19.440000,0.300772,-0.378987
19.450000,0.296712,-0.406054
19.460000,0.292384,-0.432757
19.470000,0.287794,-0.459069
19.480000,0.282944,-0.484969
19.490000,0.277840,-0.510432
19.500000,0.272485,-0.535435
19.510000,0.266886,-0.559957
19.520000,0.261046,-0.583975
19.530000,0.254971,-0.607467
19.540000,0.248667,-0.630413
19.550000,0.242139,-0.652791
19.560000,0.235393,-0.674582
19.570000,0.228436,-0.695766
19.580000,0.221272,-0.716324
19.590000,0.213910,-0.736237
19.600000,0.206355,-0.755487
19.610000,0.198615,-0.774058
19.620000,0.190695,-0.791932
19.630000,0.182604,-0.809093
19.640000,0.174349,-0.825526
19.650000,0.165937,-0.841217
19.660000,0.157375,-0.856150
19.670000,0.148672,-0.870312
19.680000,0.139835,-0.883692
19.690000,0.130873,-0.896276
19.700000,0.121792,-0.908054
19.710000,0.112602,-0.919014
19.720000,0.103310,-0.929148
19.730000,0.093926,-0.938445
19.740000,0.084457,-0.946898
19.750000,0.074912,-0.954498
19.760000,0.065300,-0.961240
19.770000,0.055628,-0.967116
19.780000,0.045907,-0.972123
19.790000,0.036145,-0.976254
19.800000,0.026350,-0.979507
19.810000,0.016531,-0.981878
19.820000,0.006697,-0.983366
19.830000,-0.003142,-0.983968
19.840000,-0.012979,-0.983686
19.850000,-0.022804,-0.982518
19.860000,-0.032609,-0.980465
19.870000,-0.042384,-0.977531
19.880000,-0.052122,-0.973716
19.890000,-0.061812,-0.969026
19.900000,-0.071447,-0.963463
19.910000,-0.081017,-0.957033
19.920000,-0.090514,-0.949742
19.930000,-0.099930,-0.941597
19.940000,-0.109256,-0.932604
19.950000,-0.118484,-0.922771
19.960000,-0.127605,-0.912109
19.970000,-0.136611,-0.900625
19.980000,-0.145495,-0.888331
19.990000,-0.154247,-0.875237
20.000000,-0.162861,-0.861356
20.010000,-0.171328,-0.846700
20.020000,-0.179640,-0.831282
20.030000,-0.187792,-0.815115
20.040000,-0.195774,-0.798215
20.050000,-0.203580,-0.780597
20.060000,-0.211202,-0.762276
20.070000,-0.218635,-0.743269
20.080000,-0.225871,-0.723594
20.090000,-0.232904,-0.703267
20.100000,-0.239727,-0.682307
20.110000,-0.246334,-0.660733
20.120000,-0.252720,-0.638565
20.130000,-0.258878,-0.615822
20.140000,-0.264803,-0.592524
20.150000,-0.270490,-0.568694
20.160000,-0.275934,-0.544352
20.170000,-0.281129,-0.519519
20.180000,-0.286071,-0.494220
20.190000,-0.290756,-0.468475
20.200000,-0.295179,-0.442309
20.210000,-0.299336,-0.415745
20.220000,-0.303224,-0.388807
20.230000,-0.306840,-0.361519
20.240000,-0.310179,-0.333905
20.250000,-0.313239,-0.305991
20.260000,-0.316017,-0.277802
20.270000,-0.318510,-0.249363
20.280000,-0.320717,-0.220699
20.290000,-0.322636,-0.191836
20.300000,-0.324264,-0.162801
20.310000,-0.325600,-0.133620
20.320000,-0.326643,-0.104318
20.330000,-0.327392,-0.074922
20.340000,-0.327847,-0.045459
20.350000,-0.328006,-0.015955
20.360000,-0.327871,0.013563
20.370000,-0.327440,0.043069
20.380000,-0.326715,0.072537
20.390000,-0.325695,0.101939
20.400000,-0.324383,0.131249
20.410000,-0.322778,0.160441
20.420000,-0.320883,0.189489
20.430000,-0.318700,0.218367
20.440000,-0.316229,0.247047
20.450000,-0.313474,0.275506
20.460000,-0.310437,0.303716
20.470000,-0.307121,0.331654
20.480000,-0.303528,0.359293
20.490000,-0.299662,0.386608
20.500000,-0.295526,0.413575
20.510000,-0.291124,0.440171
20.520000,-0.286460,0.466370
20.530000,-0.281539,0.492149
20.540000,-0.276364,0.517486
20.550000,-0.270940,0.542357
20.560000,-0.265273,0.566740
20.570000,-0.259367,0.590613
20.580000,-0.253227,0.613954
20.590000,-0.246860,0.636743
20.600000,-0.240270,0.658958
20.610000,-0.233465,0.680581
20.620000,-0.226449,0.701591
20.630000,-0.219229,0.721970
20.640000,-0.211812,0.741699
20.650000,-0.204204,0.760761
20.660000,-0.196413,0.779138
20.670000,-0.188445,0.796814
20.680000,-0.180307,0.813773
20.690000,-0.172007,0.829999
20.700000,-0.163552,0.845478
20.710000,-0.154950,0.860197
20.720000,-0.146209,0.874142
20.730000,-0.137336,0.887299
20.740000,-0.128339,0.899659
20.750000,-0.119227,0.911208
20.760000,-0.110008,0.921938
20.770000,-0.100690,0.931838
20.780000,-0.091281,0.940899
20.790000,-0.081789,0.949114
20.800000,-0.072225,0.956474
20.810000,-0.062595,0.962974
20.820000,-0.052909,0.968607
20.830000,-0.043175,0.973369
20.840000,-0.033403,0.977254
20.850000,-0.023600,0.980260
20.860000,-0.013776,0.982384
20.870000,-0.003940,0.983624
20.880000,0.005900,0.983978
20.890000,0.015734,0.983447
20.900000,0.025555,0.982032
20.910000,0.035352,0.979732
20.920000,0.045117,0.976550
20.930000,0.054842,0.972490
20.940000,0.064518,0.967555
20.950000,0.074135,0.961748
20.960000,0.083686,0.955077
20.970000,0.093162,0.947546
20.980000,0.102553,0.939162
20.990000,0.111853,0.929933
21.000000,0.121051,0.919867
21.010000,0.130141,0.908973
21.020000,0.139114,0.897261
21.030000,0.147961,0.884742
21.040000,0.156675,0.871426
21.050000,0.165249,0.857326
21.060000,0.173673,0.842455
21.070000,0.181941,0.826826
21.080000,0.190046,0.810452
21.090000,0.197979,0.793350
21.100000,0.205735,0.775533
21.110000,0.213305,0.757018
21.120000,0.220683,0.737822
21.130000,0.227863,0.717962
21.140000,0.234837,0.697456
21.150000,0.241600,0.676322
21.160000,0.248146,0.654580
21.170000,0.254469,0.632248
21.180000,0.260562,0.609348
21.190000,0.266421,0.585899
21.200000,0.272040,0.561923
21.210000,0.277415,0.537441
21.220000,0.282540,0.512476
21.230000,0.287410,0.487049
21.240000,0.292022,0.461184
21.250000,0.296371,0.434904
21.260000,0.300453,0.408233
21.270000,0.304265,0.381194
21.280000,0.307803,0.353812
21.290000,0.311064,0.326112
21.300000,0.314046,0.298118
21.310000,0.316744,0.269856
21.320000,0.319158,0.241351
21.330000,0.321284,0.212629
21.340000,0.323121,0.183716
21.350000,0.324668,0.154637
21.360000,0.325922,0.125419
21.370000,0.326883,0.096088
21.380000,0.327549,0.066671
21.390000,0.327921,0.037194
21.400000,0.327998,0.007683
21.410000,0.327780,-0.021834
21.420000,0.327266,-0.051332
21.430000,0.326459,-0.080784
21.440000,0.325357,-0.110163
21.450000,0.323963,-0.139443
21.460000,0.322277,-0.168598
21.470000,0.320301,-0.197600
21.480000,0.318036,-0.226425
21.490000,0.315486,-0.255046
21.500000,0.312651,-0.283438
21.510000,0.309536,-0.311574
21.520000,0.306141,-0.339431
21.530000,0.302472,-0.366981
21.540000,0.298530,-0.394202
21.550000,0.294319,-0.421067
21.560000,0.289843,-0.447554
21.570000,0.285107,-0.473638
21.580000,0.280114,-0.499296
21.590000,0.274869,-0.524504
21.600000,0.269377,-0.549240
21.610000,0.263642,-0.573482
21.620000,0.257670,-0.597208
21.630000,0.251466,-0.620397
21.640000,0.245035,-0.643027
21.650000,0.238385,-0.665079
21.660000,0.231519,-0.686532
21.670000,0.224446,-0.707367
21.680000,0.217170,-0.727565
21.690000,0.209699,-0.747109
21.700000,0.202039,-0.765981
21.710000,0.194197,-0.784163
21.720000,0.186181,-0.801639
21.730000,0.177997,-0.818394
21.740000,0.169653,-0.834413
21.750000,0.161156,-0.849681
21.760000,0.152514,-0.864184
21.770000,0.143735,-0.877909
21.780000,0.134827,-0.890844
21.790000,0.125797,-0.902978
21.800000,0.116654,-0.914298
21.810000,0.107406,-0.924797
21.820000,0.098061,-0.934462
21.830000,0.088629,-0.943287
21.840000,0.079116,-0.951263
21.850000,0.069532,-0.958383
21.860000,0.059886,-0.964641
21.870000,0.050185,-0.970030
21.880000,0.040440,-0.974546
21.890000,0.030658,-0.978186
21.900000,0.020849,-0.980945
21.910000,0.011020,-0.982821
21.920000,0.001182,-0.983813
21.930000,-0.008657,-0.983919
21.940000,-0.018488,-0.983140
21.950000,-0.028303,-0.981476
21.960000,-0.038092,-0.978929
21.970000,-0.047847,-0.975501
21.980000,-0.057559,-0.971195
21.990000,-0.067219,-0.966015
22.000000,-0.076819,-0.959966
22.010000,-0.086350,-0.953053
22.020000,-0.095802,-0.945282
22.030000,-0.105169,-0.936660
22.040000,-0.114441,-0.927196
22.050000,-0.123610,-0.916897
22.060000,-0.132668,-0.905773
22.070000,-0.141606,-0.893833
22.080000,-0.150417,-0.881090
22.090000,-0.159092,-0.867553
22.100000,-0.167625,-0.853236
22.110000,-0.176006,-0.838151
22.120000,-0.184229,-0.822312
22.130000,-0.192287,-0.805732
22.140000,-0.200171,-0.788428
22.150000,-0.207875,-0.770414
22.160000,-0.215392,-0.751706
22.170000,-0.222715,-0.732323
22.180000,-0.229838,-0.712280
22.190000,-0.236754,-0.691596
22.200000,-0.243457,-0.670289
22.210000,-0.249941,-0.648380
22.220000,-0.256200,-0.625887
22.230000,-0.262228,-0.602831
22.240000,-0.268020,-0.579232
22.250000,-0.273571,-0.555112
22.260000,-0.278876,-0.530492
22.270000,-0.283930,-0.505395
22.280000,-0.288729,-0.479844
22.290000,-0.293267,-0.453860
22.300000,-0.297542,-0.427468
22.310000,-0.301549,-0.400691
22.320000,-0.305285,-0.373554
22.330000,-0.308745,-0.346080
22.340000,-0.311928,-0.318295
22.350000,-0.314831,-0.290224
22.360000,-0.317449,-0.261891
22.370000,-0.319783,-0.233323
22.380000,-0.321828,-0.204544
22.390000,-0.323584,-0.175582
22.400000,-0.325049,-0.146462
22.410000,-0.326221,-0.117210
22.420000,-0.327099,-0.087852
22.430000,-0.327683,-0.058415
22.440000,-0.327973,-0.028926
22.450000,-0.327967,0.000589
22.460000,-0.327666,0.030104
22.470000,-0.327070,0.059592
22.480000,-0.326179,0.089026
22.490000,-0.324996,0.118380
22.500000,-0.323519,0.147627
22.510000,-0.321752,0.176742
22.520000,-0.319695,0.205697
22.530000,-0.317350,0.234468
22.540000,-0.314720,0.263027
22.550000,-0.311807,0.291350
22.560000,-0.308612,0.319410
22.570000,-0.305141,0.347183
22.580000,-0.301394,0.374644
22.590000,-0.297376,0.401767
22.600000,-0.293091,0.428529
22.610000,-0.288542,0.454905
22.620000,-0.283733,0.480872
22.630000,-0.278669,0.506406
22.640000,-0.273355,0.531485
22.650000,-0.267794,0.556085
22.660000,-0.261992,0.580184
22.670000,-0.255954,0.603762
22.680000,-0.249686,0.626796
22.690000,-0.243194,0.649266
22.700000,-0.236482,0.671152
22.710000,-0.229558,0.692434
22.720000,-0.222427,0.713092
22.730000,-0.215096,0.733109
22.740000,-0.207571,0.752466
22.750000,-0.199860,0.771146
22.760000,-0.191968,0.789132
22.770000,-0.183904,0.806408
22.780000,-0.175675,0.822958
22.790000,-0.167287,0.838768
22.800000,-0.158749,0.853823
22.810000,-0.150068,0.868109
22.820000,-0.141251,0.881614
22.830000,-0.132308,0.894326
22.840000,-0.123246,0.906233
22.850000,-0.114073,0.917324
22.860000,-0.104797,0.927590
22.870000,-0.095427,0.937021
22.880000,-0.085970,0.945608
22.890000,-0.076437,0.953345
22.900000,-0.066835,0.960224
22.910000,-0.057172,0.966239
22.920000,-0.047459,0.971384
22.930000,-0.037702,0.975655
22.940000,-0.027911,0.979048
22.950000,-0.018096,0.981559
22.960000,-0.008264,0.983188
22.970000,0.001575,0.983932
22.980000,0.011413,0.983790
22.990000,0.021241,0.982763
23.000000,0.031049,0.980851
23.010000,0.040830,0.978057
23.020000,0.050574,0.974383
23.030000,0.060272,0.969831
23.040000,0.069916,0.964407
23.050000,0.079497,0.958115
23.060000,0.089007,0.950961
23.070000,0.098436,0.942951
23.080000,0.107777,0.934092
23.090000,0.117021,0.924393
23.100000,0.126160,0.913862
23.110000,0.135185,0.902509
23.120000,0.144088,0.890343
23.130000,0.152862,0.877376
23.140000,0.161498,0.863619
23.150000,0.169989,0.849085
23.160000,0.178327,0.833788
23.170000,0.186504,0.817739
23.180000,0.194514,0.800955
23.190000,0.202349,0.783450
23.200000,0.210001,0.765240
23.210000,0.217464,0.746342
23.220000,0.224732,0.726771
23.230000,0.231798,0.706547
23.240000,0.238654,0.685687
23.250000,0.245296,0.664209
23.260000,0.251718,0.642134
23.270000,0.257913,0.619482
23.280000,0.263875,0.596271
23.290000,0.269601,0.572524
23.300000,0.275083,0.548262
23.310000,0.280318,0.523506
23.320000,0.285301,0.498279
23.330000,0.290027,0.472604
23.340000,0.294492,0.446504
23.350000,0.298692,0.420002
23.360000,0.302623,0.393121
23.370000,0.306282,0.365887
23.380000,0.309665,0.338324
23.390000,0.312770,0.310456
23.400000,0.315593,0.282309
23.410000,0.318132,0.253908
23.420000,0.320385,0.225278
23.430000,0.322349,0.196445
23.440000,0.324024,0.167436
23.450000,0.325407,0.138276
23.460000,0.326496,0.108992
23.470000,0.327293,0.079609
23.480000,0.327794,0.050155
23.490000,0.328001,0.020656
23.500000,0.327912,-0.008862
23.510000,0.327528,-0.038372
23.520000,0.326850,-0.067847
23.530000,0.325877,-0.097261
23.540000,0.324611,-0.126588
23.550000,0.323053,-0.155801
23.560000,0.321205,-0.184874
23.570000,0.319067,-0.213780
23.580000,0.316642,-0.242494
23.590000,0.313932,-0.270989
23.600000,0.310940,-0.299241
23.610000,0.307667,-0.327224
23.620000,0.304118,-0.354912
23.630000,0.300295,-0.382280
23.640000,0.296202,-0.409305
23.650000,0.291843,-0.435961
23.660000,0.287221,-0.462225
23.670000,0.282340,-0.488073
23.680000,0.277205,-0.513481
23.690000,0.271821,-0.538428
23.700000,0.266192,-0.562890
23.710000,0.260323,-0.586846
23.720000,0.254221,-0.610273
23.730000,0.247889,-0.633151
23.740000,0.241335,-0.655459
23.750000,0.234563,-0.677178
23.760000,0.227580,-0.698287
23.770000,0.220392,-0.718768
23.780000,0.213006,-0.738601
23.790000,0.205428,-0.757770
23.800000,0.197666,-0.776258
23.810000,0.189725,-0.794046
23.820000,0.181614,-0.811120
23.830000,0.173340,-0.827464
23.840000,0.164909,-0.843064
23.850000,0.156330,-0.857904
23.860000,0.147610,-0.871973
23.870000,0.138758,-0.885257
23.880000,0.129780,-0.897744
23.890000,0.120686,-0.909424
23.900000,0.111483,-0.920284
23.910000,0.102180,-0.930317
23.920000,0.092785,-0.939513
23.930000,0.083306,-0.947863
23.940000,0.073753,-0.955360
23.950000,0.064133,-0.961997
23.960000,0.054455,-0.967768
23.970000,0.044728,-0.972669
23.980000,0.034961,-0.976694
23.990000,0.025163,-0.979841
24.000000,0.015342,-0.982105
24.010000,0.005507,-0.983486
24.020000,-0.004333,-0.983981
24.030000,-0.014169,-0.983591
24.040000,-0.023992,-0.982316
24.050000,-0.033793,-0.980157
24.060000,-0.043565,-0.977116
24.070000,-0.053297,-0.973195
24.080000,-0.062981,-0.968399
24.090000,-0.072608,-0.962731
24.100000,-0.082170,-0.956197
24.110000,-0.091658,-0.948802
24.120000,-0.101063,-0.940554
24.130000,-0.110378,-0.931459
24.140000,-0.119593,-0.921525
24.150000,-0.128701,-0.910763
24.160000,-0.137693,-0.899181
24.170000,-0.146561,-0.886789
24.180000,-0.155297,-0.873600
24.190000,-0.163893,-0.859624
24.200000,-0.172342,-0.844875
24.210000,-0.180635,-0.829365
24.220000,-0.188766,-0.813109
24.230000,-0.196728,-0.796122
24.240000,-0.204512,-0.778417
24.250000,-0.212112,-0.760013
24.260000,-0.219521,-0.740924
24.270000,-0.226733,-0.721169
24.280000,-0.233740,-0.700764
24.290000,-0.240538,-0.679729
24.300000,-0.247119,-0.658082
24.310000,-0.253477,-0.635843
24.320000,-0.259607,-0.613032
24.330000,-0.265504,-0.589669
24.340000,-0.271162,-0.565776
24.350000,-0.276575,-0.541373
24.360000,-0.281740,-0.516483
24.370000,-0.286652,-0.491128
24.380000,-0.291305,-0.465332
24.390000,-0.295696,-0.439116
24.400000,-0.299821,-0.412506
24.410000,-0.303676,-0.385524
24.420000,-0.307258,-0.358195
24.430000,-0.310564,-0.330544
24.440000,-0.313590,-0.302595
24.450000,-0.316333,-0.274374
24.460000,-0.318793,-0.245906
24.470000,-0.320965,-0.217217
24.480000,-0.322848,-0.188332
24.490000,-0.324441,-0.159278
24.500000,-0.325742,-0.130081
24.510000,-0.326749,-0.100766
24.520000,-0.327463,-0.071361
24.530000,-0.327882,-0.041892
24.540000,-0.328006,-0.012384
24.550000,-0.327834,0.017134
24.560000,-0.327368,0.046637
24.570000,-0.326607,0.076098
24.580000,-0.325552,0.105490
24.590000,-0.324204,0.134788
24.600000,-0.322565,0.163964
24.610000,-0.320635,0.192992
24.620000,-0.318416,0.221847
24.630000,-0.315911,0.250503
24.640000,-0.313122,0.278933
24.650000,-0.310051,0.307111
24.660000,-0.306701,0.335014
24.670000,-0.303074,0.362615
24.680000,-0.299175,0.389889
24.690000,-0.295007,0.416813
24.700000,-0.290574,0.443362
24.710000,-0.285879,0.469512
24.720000,-0.280926,0.495239
24.730000,-0.275721,0.520520
24.740000,-0.270268,0.545333
24.750000,-0.264571,0.569655
24.760000,-0.258636,0.593465
24.770000,-0.252469,0.616741
24.780000,-0.246074,0.639461
24.790000,-0.239458,0.661606
24.800000,-0.232627,0.683156
24.810000,-0.225586,0.704091
24.820000,-0.218342,0.724392
24.830000,-0.210902,0.744041
24.840000,-0.203271,0.763021
24.850000,-0.195458,0.781314
24.860000,-0.187469,0.798904
24.870000,-0.179311,0.815775
24.880000,-0.170992,0.831912
24.890000,-0.162519,0.847300
24.900000,-0.153900,0.861925
24.910000,-0.145142,0.875775
24.920000,-0.136254,0.888837
24.930000,-0.127243,0.901099
24.940000,-0.118117,0.912550
24.950000,-0.108886,0.923180
24.960000,-0.099556,0.932979
24.970000,-0.090137,0.941938
24.980000,-0.080636,0.950050
24.990000,-0.071063,0.957307
25.000000,-0.061426,0.963702
25.010000,-0.051734,0.969230
25.020000,-0.041995,0.973886
25.030000,-0.032218,0.977665
25.040000,-0.022412,0.980564
25.050000,-0.012587,0.982581
25.060000,-0.002750,0.983714
25.070000,0.007090,0.983961
25.080000,0.016923,0.983323
25.090000,0.026741,0.981800
25.100000,0.036535,0.979394
25.110000,0.046296,0.976106
25.120000,0.056016,0.971939
25.130000,0.065685,0.966898
25.140000,0.075295,0.960987
25.150000,0.084837,0.954211
25.160000,0.094302,0.946576
25.170000,0.103683,0.938090
25.180000,0.112971,0.928759
25.190000,0.122157,0.918592
25.200000,0.131233,0.907599
25.210000,0.140191,0.895789
25.220000,0.149022,0.883173
25.230000,0.157720,0.869762
25.240000,0.166276,0.855568
25.250000,0.174682,0.840604
25.260000,0.182931,0.824884
25.270000,0.191015,0.808422
25.280000,0.198927,0.791232
25.290000,0.206660,0.773330
25.300000,0.214208,0.754732
25.310000,0.221562,0.735454
25.320000,0.228717,0.715515
25.330000,0.235667,0.694932
25.340000,0.242404,0.673724
25.350000,0.248923,0.651909
25.360000,0.255218,0.629508
25.370000,0.261284,0.606540
25.380000,0.267114,0.583026
25.390000,0.272704,0.558987
25.400000,0.278048,0.534446
25.410000,0.283142,0.509423
25.420000,0.287982,0.483943
25.430000,0.292562,0.458026
25.440000,0.296879,0.431698
25.450000,0.300929,0.404980
25.460000,0.304708,0.377899
25.470000,0.308213,0.350477
25.480000,0.311440,0.322740
25.490000,0.314387,0.294713
25.500000,0.317051,0.266420
25.510000,0.319430,0.237887
25.520000,0.321522,0.209141
25.530000,0.323324,0.180206
25.540000,0.324835,0.151109
25.550000,0.326054,0.121876
25.560000,0.326979,0.092534
25.570000,0.327610,0.063108
25.580000,0.327946,0.033625
25.590000,0.327987,0.004112
25.600000,0.327733,-0.025405
25.610000,0.327184,-0.054898
25.620000,0.326341,-0.084343
25.630000,0.325204,-0.113711
25.640000,0.323774,-0.142977
25.650000,0.322053,-0.172115
25.660000,0.320042,-0.201097
25.670000,0.317743,-0.229899
25.680000,0.315158,-0.258494
25.690000,0.312289,-0.286856
25.700000,0.309140,-0.314960
25.710000,0.305712,-0.342780
25.720000,0.302009,-0.370292
25.730000,0.298034,-0.397471
25.740000,0.293791,-0.424292
25.750000,0.289284,-0.450731
25.760000,0.284516,-0.476765
25.770000,0.279493,-0.502370
25.780000,0.274218,-0.527522
25.790000,0.268696,-0.552200
25.800000,0.262932,-0.576381
25.810000,0.256931,-0.600043
25.820000,0.250700,-0.623165
25.830000,0.244242,-0.645726
25.840000,0.237565,-0.667706
25.850000,0.230675,-0.689086
25.860000,0.223576,-0.709845
25.870000,0.216276,-0.729965
25.880000,0.208782,-0.749428
25.890000,0.201100,-0.768217
25.900000,0.193237,-0.786315
25.910000,0.185200,-0.803705
25.920000,0.176996,-0.820372
25.930000,0.168633,-0.836300
25.940000,0.160118,-0.851476
25.950000,0.151459,-0.865886
25.960000,0.142664,-0.879516
25.970000,0.133741,-0.892355
25.980000,0.124697,-0.904391
25.990000,0.115541,-0.915612
26.000000,0.106281,-0.926010
26.010000,0.096925,-0.935575
26.020000,0.087482,-0.944297
26.030000,0.077960,-0.952170
26.040000,0.068368,-0.959186
26.050000,0.058715,-0.965339
26.060000,0.049009,-0.970623
26.070000,0.039258,-0.975033
26.080000,0.029473,-0.978566
26.090000,0.019661,-0.981219
26.100000,0.009831,-0.982988
26.110000,-0.000008,-0.983873
26.120000,-0.009847,-0.983872
26.130000,-0.019677,-0.982986
26.140000,-0.029489,-0.981215
26.150000,-0.039274,-0.978561
26.160000,-0.049025,-0.975027
26.170000,-0.058731,-0.970615
26.180000,-0.068384,-0.965329
26.190000,-0.077976,-0.959175
26.200000,-0.087497,-0.952158
26.210000,-0.096940,-0.944284
26.220000,-0.106296,-0.935560
26.230000,-0.115556,-0.925994
26.240000,-0.124712,-0.915595
26.250000,-0.133756,-0.904371
26.260000,-0.142679,-0.892334
26.270000,-0.151474,-0.879494
26.280000,-0.160132,-0.865863
26.290000,-0.168647,-0.851452
26.300000,-0.177010,-0.836275
26.310000,-0.185213,-0.820345
26.320000,-0.193250,-0.803677
26.330000,-0.201113,-0.786286
26.340000,-0.208795,-0.768187
26.350000,-0.216289,-0.749397
26.360000,-0.223588,-0.729932
26.370000,-0.230686,-0.709811
26.380000,-0.237577,-0.689051
26.390000,-0.244253,-0.667671
26.400000,-0.250710,-0.645689
26.410000,-0.256941,-0.623127
26.420000,-0.262941,-0.600004
26.430000,-0.268705,-0.576341
26.440000,-0.274226,-0.552160
26.450000,-0.279501,-0.527481
26.460000,-0.284525,-0.502328
26.470000,-0.289292,-0.476723
26.480000,-0.293799,-0.450688
26.490000,-0.298041,-0.424248
26.500000,-0.302015,-0.397427
26.510000,-0.305718,-0.370247
26.520000,-0.309145,-0.342735
26.530000,-0.312294,-0.314914
26.540000,-0.315162,-0.286809
26.550000,-0.317747,-0.258447
26.560000,-0.320045,-0.229852
26.570000,-0.322056,-0.201050
26.580000,-0.323777,-0.172067
26.590000,-0.325206,-0.142929
26.600000,-0.326343,-0.113663
26.610000,-0.327185,-0.084294
26.620000,-0.327734,-0.054850
26.630000,-0.327988,-0.025356
26.640000,-0.327946,0.004161
26.650000,-0.327609,0.033674
26.660000,-0.326978,0.063156
26.670000,-0.326052,0.092582
26.680000,-0.324833,0.121924
26.690000,-0.323321,0.151157
26.700000,-0.321518,0.180254
26.710000,-0.319427,0.209188
26.720000,-0.317047,0.237935
26.730000,-0.314383,0.266467
26.740000,-0.311435,0.294759
26.750000,-0.308207,0.322786
26.760000,-0.304702,0.350523
26.770000,-0.300922,0.377944
26.780000,-0.296872,0.405025
26.790000,-0.292555,0.431741
26.800000,-0.287974,0.458069
26.810000,-0.283134,0.483985
26.820000,-0.278040,0.509465
26.830000,-0.272695,0.534487
26.840000,-0.267104,0.559027
26.850000,-0.261274,0.583065
26.860000,-0.255208,0.606578
26.870000,-0.248913,0.629545
26.880000,-0.242393,0.651945
26.890000,-0.235656,0.673759
26.900000,-0.228706,0.694967
26.910000,-0.221550,0.715549
26.920000,-0.214196,0.735487
26.930000,-0.206648,0.754763
26.940000,-0.198914,0.773360
26.950000,-0.191002,0.791261
26.960000,-0.182917,0.808449
26.970000,-0.174668,0.824911
26.980000,-0.166262,0.840630
26.990000,-0.157706,0.855592
27.000000,-0.149008,0.869785
27.010000,-0.140176,0.883194
27.020000,-0.131218,0.895809
27.030000,-0.122142,0.907618
27.040000,-0.112956,0.918610
27.050000,-0.103668,0.928775
27.060000,-0.094287,0.938105
27.070000,-0.084821,0.946590
27.080000,-0.075279,0.954223
27.090000,-0.065669,0.960998
27.100000,-0.056000,0.966907
27.110000,-0.046280,0.971947
27.120000,-0.036519,0.976112
27.130000,-0.026725,0.979398
27.140000,-0.016907,0.981803
27.150000,-0.007074,0.983325
27.160000,0.002766,0.983962
27.170000,0.012603,0.983713
27.180000,0.022429,0.982579
27.190000,0.032234,0.980560
27.200000,0.042011,0.977659
27.210000,0.051750,0.973879
27.220000,0.061442,0.969221
27.230000,0.071079,0.963692
27.240000,0.080652,0.957295
27.250000,0.090152,0.950037
27.260000,0.099571,0.941924
27.270000,0.108901,0.932964
27.280000,0.118133,0.923163
27.290000,0.127258,0.912532
27.300000,0.136269,0.901080
27.310000,0.145157,0.888816
27.320000,0.153914,0.875753
27.330000,0.162533,0.861902
27.340000,0.171006,0.847275
27.350000,0.179325,0.831886
27.360000,0.187483,0.815748
27.370000,0.195471,0.798876
27.380000,0.203284,0.781284
27.390000,0.210914,0.762990
27.400000,0.218354,0.744009
27.410000,0.225598,0.724359
27.420000,0.232638,0.704057
27.430000,0.239469,0.683121
27.440000,0.246085,0.661570
27.450000,0.252479,0.639424
27.460000,0.258646,0.616703
27.470000,0.264581,0.593426
27.480000,0.270277,0.569616
27.490000,0.275730,0.545293
27.500000,0.280935,0.520479
27.510000,0.285887,0.495197
27.520000,0.290581,0.469469
27.530000,0.295014,0.443319
27.540000,0.299182,0.416769
27.550000,0.303081,0.389845
27.560000,0.306706,0.362570
27.570000,0.310056,0.334968
27.580000,0.313127,0.307065
27.590000,0.315915,0.278886
27.600000,0.318420,0.250456
27.610000,0.320638,0.221800
27.620000,0.322567,0.192945
27.630000,0.324207,0.163916
27.640000,0.325554,0.134739
27.650000,0.326608,0.105442
27.660000,0.327369,0.076049
27.670000,0.327835,0.046588
27.680000,0.328006,0.017085
27.690000,0.327881,-0.012433
27.700000,0.327462,-0.041940
27.710000,0.326748,-0.071409
27.720000,0.325740,-0.100815
27.730000,0.324438,-0.130129
27.740000,0.322845,-0.159326
27.750000,0.320961,-0.188380
27.760000,0.318789,-0.217264
27.770000,0.316329,-0.245953
27.780000,0.313585,-0.274421
27.790000,0.310559,-0.302641
27.800000,0.307253,-0.330589
27.810000,0.303670,-0.358240
27.820000,0.299815,-0.385568
27.830000,0.295689,-0.412550
27.840000,0.291297,-0.439160
27.850000,0.286644,-0.465375
27.860000,0.281732,-0.491171
27.870000,0.276567,-0.516524
27.880000,0.271153,-0.541414
27.890000,0.265494,-0.565816
27.900000,0.259597,-0.589708
27.910000,0.253467,-0.613070
27.920000,0.247108,-0.635881
27.930000,0.240527,-0.658119
27.940000,0.233729,-0.679764
27.950000,0.226721,-0.700798
27.960000,0.219509,-0.721202
27.970000,0.212099,-0.740956
27.980000,0.204499,-0.760044
27.990000,0.196715,-0.778447
28.000000,0.188753,-0.796150
28.010000,0.180622,-0.813137
28.020000,0.172328,-0.829391
28.030000,0.163879,-0.844900
28.040000,0.155282,-0.859648
28.050000,0.146546,-0.873622
28.060000,0.137678,-0.886810
28.070000,0.128686,-0.899200
28.080000,0.119578,-0.910781
28.090000,0.110363,-0.921542
28.100000,0.101048,-0.931474
28.110000,0.091642,-0.940568
28.120000,0.082154,-0.948815
28.130000,0.072592,-0.956209
28.140000,0.062965,-0.962741
28.150000,0.053281,-0.968408
28.160000,0.043549,-0.973203
28.170000,0.033777,-0.977122
28.180000,0.023976,-0.980161
28.190000,0.014153,-0.982319
28.200000,0.004317,-0.983593
28.210000,-0.005523,-0.983981
28.220000,-0.015358,-0.983484
28.230000,-0.025179,-0.982102
28.240000,-0.034977,-0.979836
28.250000,-0.044744,-0.976688
28.260000,-0.054471,-0.972662
28.270000,-0.064148,-0.967760
28.280000,-0.073768,-0.961987
28.290000,-0.083322,-0.955348
28.300000,-0.092800,-0.947850
28.310000,-0.102195,-0.939498
28.320000,-0.111498,-0.930301
28.330000,-0.120701,-0.920267
28.340000,-0.129795,-0.909405
28.350000,-0.138772,-0.897724
28.360000,-0.147625,-0.885236
28.370000,-0.156344,-0.871951
28.380000,-0.164923,-0.857881
28.390000,-0.173353,-0.843039
28.400000,-0.181628,-0.827438
28.410000,-0.189739,-0.811093
28.420000,-0.197679,-0.794018
28.430000,-0.205441,-0.776228
28.440000,-0.213019,-0.757739
28.450000,-0.220404,-0.738569
28.460000,-0.227592,-0.718734
28.470000,-0.234574,-0.698253
28.480000,-0.241345,-0.677143
28.490000,-0.247900,-0.655423
28.500000,-0.254231,-0.633114
28.510000,-0.260333,-0.610235
28.520000,-0.266201,-0.586807
28.530000,-0.271830,-0.562850
28.540000,-0.277214,-0.538387
28.550000,-0.282348,-0.513440
28.560000,-0.287228,-0.488031
28.570000,-0.291850,-0.462182
28.580000,-0.296209,-0.435917
28.590000,-0.300302,-0.409261
28.600000,-0.304124,-0.382235
28.610000,-0.307673,-0.354866
28.620000,-0.310945,-0.327178
28.630000,-0.313937,-0.299195
28.640000,-0.316646,-0.270943
28.650000,-0.319071,-0.242447
28.660000,-0.321208,-0.213732
28.670000,-0.323056,-0.184826
28.680000,-0.324614,-0.155753
28.690000,-0.325879,-0.126540
28.700000,-0.326851,-0.097213
28.710000,-0.327529,-0.067799
28.720000,-0.327912,-0.038323
28.730000,-0.328001,-0.008813
28.740000,-0.327794,0.020704
28.750000,-0.327292,0.050204
28.760000,-0.326495,0.079658
28.770000,-0.325405,0.109040
28.780000,-0.324021,0.138324
28.790000,-0.322346,0.167484
28.800000,-0.320382,0.196493
28.810000,-0.318128,0.225325
28.820000,-0.315589,0.253955
28.830000,-0.312765,0.282355
28.840000,-0.309660,0.310502
28.850000,-0.306276,0.338370
28.860000,-0.302617,0.365932
28.870000,-0.298685,0.393166
28.880000,-0.294485,0.420045
28.890000,-0.290020,0.446547
28.900000,-0.285293,0.472647
28.910000,-0.280310,0.498321
28.920000,-0.275074,0.523547
28.930000,-0.269591,0.548302
28.940000,-0.263866,0.572564
28.950000,-0.257903,0.596310
28.960000,-0.251707,0.619519
28.970000,-0.245286,0.642171
28.980000,-0.238643,0.664245
28.990000,-0.231786,0.685722
29.000000,-0.224720,0.706581
29.010000,-0.217452,0.726804
29.020000,-0.209988,0.746373
29.030000,-0.202336,0.765271
29.040000,-0.194501,0.783480
29.050000,-0.186491,0.800983
29.060000,-0.178313,0.817766
29.070000,-0.169975,0.833813
29.080000,-0.161484,0.849110
29.090000,-0.152848,0.863643
29.100000,-0.144074,0.877398
29.110000,-0.135170,0.890363
29.120000,-0.126145,0.902528
29.130000,-0.117006,0.913880
29.140000,-0.107762,0.924410
29.150000,-0.098421,0.934108
29.160000,-0.088991,0.942965
29.170000,-0.079482,0.950974
29.180000,-0.069900,0.958126
29.190000,-0.060256,0.964417
29.200000,-0.050558,0.969840
29.210000,-0.040814,0.974389
29.220000,-0.031033,0.978062
29.230000,-0.021225,0.980855
29.240000,-0.011397,0.982765
29.250000,-0.001559,0.983791
29.260000,0.008280,0.983931
29.270000,0.018112,0.983186
29.280000,0.027928,0.981556
29.290000,0.037718,0.979043
29.300000,0.047475,0.975648
29.310000,0.057188,0.971376
29.320000,0.066851,0.966229
29.330000,0.076453,0.960213
29.340000,0.085986,0.953333
29.350000,0.095442,0.945595
29.360000,0.104812,0.937006
29.370000,0.114088,0.927573
29.380000,0.123261,0.917306
29.390000,0.132323,0.906214
29.400000,0.141266,0.894305
29.410000,0.150082,0.881592
29.420000,0.158763,0.868086
29.430000,0.167301,0.853799
29.440000,0.175688,0.838743
29.450000,0.183918,0.822932
29.460000,0.191981,0.806380
29.470000,0.199872,0.789103
29.480000,0.207584,0.771116
29.490000,0.215108,0.752435
29.500000,0.222439,0.733077
29.510000,0.229569,0.713059
29.520000,0.236493,0.692399
29.530000,0.243204,0.671116
29.540000,0.249697,0.649230
29.550000,0.255964,0.626759
29.560000,0.262002,0.603724
29.570000,0.267803,0.580145
29.580000,0.273363,0.556045
29.590000,0.278678,0.531444
29.600000,0.283742,0.506365
29.610000,0.288550,0.480830
29.620000,0.293098,0.454862
29.630000,0.297383,0.428486
29.640000,0.301401,0.401723
29.650000,0.305147,0.374599
29.660000,0.308618,0.347138
29.670000,0.311812,0.319364
29.680000,0.314725,0.291303
29.690000,0.317354,0.262980
29.700000,0.319699,0.234421
29.710000,0.321755,0.205650
29.720000,0.323522,0.176694
29.730000,0.324998,0.147579
29.740000,0.326181,0.118332
29.750000,0.327071,0.088978
29.760000,0.327666,0.059543
29.770000,0.327967,0.030056
29.780000,0.327972,0.000541
29.790000,0.327683,-0.028975
29.800000,0.327098,-0.058464
29.810000,0.326219,-0.087900
29.820000,0.325046,-0.117258
29.830000,0.323581,-0.146510
29.840000,0.321825,-0.175630
29.850000,0.319779,-0.204592
29.860000,0.317445,-0.233370
29.870000,0.314826,-0.261938
29.880000,0.311923,-0.290270
29.890000,0.308740,-0.318341
29.900000,0.305279,-0.346126
29.910000,0.301543,-0.373599
29.920000,0.297535,-0.400735
29.930000,0.293260,-0.427512
29.940000,0.288721,-0.453903
29.950000,0.283922,-0.479886
29.960000,0.278868,-0.505437
29.970000,0.273563,-0.530533
29.980000,0.268011,-0.555152
29.990000,0.262218,-0.579271
30.000000,0.256190,-0.602869
